-- MySQL dump 10.16  Distrib 10.1.28-MariaDB, for Win32 (AMD64)
--
-- Host: localhost    Database: s-cart
-- ------------------------------------------------------
-- Server version	10.1.28-MariaDB

/*!40101 SET @OLD_CHARACTER_SET_CLIENT=@@CHARACTER_SET_CLIENT */;
/*!40101 SET @OLD_CHARACTER_SET_RESULTS=@@CHARACTER_SET_RESULTS */;
/*!40101 SET @OLD_COLLATION_CONNECTION=@@COLLATION_CONNECTION */;
/*!40101 SET NAMES utf8 */;
/*!40103 SET @OLD_TIME_ZONE=@@TIME_ZONE */;
/*!40103 SET TIME_ZONE='+00:00' */;
/*!40014 SET @OLD_UNIQUE_CHECKS=@@UNIQUE_CHECKS, UNIQUE_CHECKS=0 */;
/*!40014 SET @OLD_FOREIGN_KEY_CHECKS=@@FOREIGN_KEY_CHECKS, FOREIGN_KEY_CHECKS=0 */;
/*!40101 SET @OLD_SQL_MODE=@@SQL_MODE, SQL_MODE='NO_AUTO_VALUE_ON_ZERO' */;
/*!40111 SET @OLD_SQL_NOTES=@@SQL_NOTES, SQL_NOTES=0 */;

--
-- Table structure for table `admin_menu`
--

DROP TABLE IF EXISTS `admin_menu`;
/*!40101 SET @saved_cs_client     = @@character_set_client */;
/*!40101 SET character_set_client = utf8 */;
CREATE TABLE `admin_menu` (
  `id` int(10) unsigned NOT NULL AUTO_INCREMENT,
  `parent_id` int(11) NOT NULL DEFAULT '0',
  `order` int(11) NOT NULL DEFAULT '0',
  `title` varchar(50) COLLATE utf8mb4_unicode_ci NOT NULL,
  `icon` varchar(50) COLLATE utf8mb4_unicode_ci NOT NULL,
  `uri` varchar(50) COLLATE utf8mb4_unicode_ci DEFAULT NULL,
  `permission` varchar(255) COLLATE utf8mb4_unicode_ci DEFAULT NULL,
  `created_at` timestamp NULL DEFAULT NULL,
  `updated_at` timestamp NULL DEFAULT NULL,
  PRIMARY KEY (`id`)
) ENGINE=InnoDB AUTO_INCREMENT=101 DEFAULT CHARSET=utf8mb4 COLLATE=utf8mb4_unicode_ci;
/*!40101 SET character_set_client = @saved_cs_client */;

--
-- Dumping data for table `admin_menu`
--

LOCK TABLES `admin_menu` WRITE;
/*!40000 ALTER TABLE `admin_menu` DISABLE KEYS */;
INSERT INTO `admin_menu` VALUES (1,0,1,'Index','fa-bar-chart','/',NULL,NULL,NULL),(2,0,2,'Admin','fa-tasks',NULL,NULL,NULL,'2018-12-30 02:36:54'),(3,2,3,'Users','fa-users','auth/users',NULL,NULL,NULL),(4,2,4,'Roles','fa-user','auth/roles',NULL,NULL,NULL),(5,2,5,'Permission','fa-ban','auth/permissions',NULL,NULL,NULL),(6,2,6,'Menu','fa-bars','auth/menu',NULL,NULL,NULL),(7,2,7,'Operation log','fa-history','auth/logs',NULL,NULL,NULL),(8,31,27,'Customer','fa-user-md','shop_customer',NULL,'2018-01-13 08:27:55','2019-02-09 10:33:31'),(9,25,22,'Orders','fa-shopping-cart','shop_order',NULL,'2018-01-13 08:33:55','2019-02-09 10:33:31'),(10,15,15,'All products','fa-file-photo-o','shop_product',NULL,'2018-01-13 08:44:02','2019-02-09 10:33:31'),(11,15,17,'Brand','fa-bank','shop_brand',NULL,'2018-01-13 08:47:15','2019-02-09 10:33:31'),(13,15,14,'Categories','fa-folder-open-o','shop_category',NULL,'2018-01-13 08:52:17','2019-02-09 10:33:31'),(14,15,16,'Special price','fa-paw','shop_special_price',NULL,'2018-02-06 11:07:21','2019-02-09 10:33:31'),(15,0,13,'Product Manager','fa-folder-open',NULL,NULL,'2018-02-08 23:04:43','2019-02-09 10:33:31'),(18,23,42,'Config info','fa-cog','config_info',NULL,'2018-02-10 02:07:45','2019-02-09 10:33:31'),(21,100,10,'Blog & News','fa-file-powerpoint-o','modules/cms/cms_news',NULL,'2018-02-10 02:13:01','2019-02-08 09:21:24'),(22,0,8,'Pages','fa-clone','shop_page',NULL,'2018-02-10 02:19:50','2019-02-08 09:21:24'),(23,0,41,'Settings','fa-cogs',NULL,NULL,'2018-02-11 08:01:24','2019-02-09 10:33:31'),(24,62,37,'Banners','fa-simplybuilt','banner',NULL,'2018-03-13 13:10:22','2019-02-09 10:33:31'),(25,0,21,'Order Manager','fa-cart-arrow-down',NULL,NULL,'2018-05-06 07:59:14','2019-02-09 10:33:31'),(26,25,23,'Order status','fa-asterisk','shop_order_status',NULL,'2018-05-06 08:56:14','2019-02-09 10:33:31'),(27,25,24,'Payment Status','fa-recycle','shop_payment_status',NULL,'2018-05-06 08:57:12','2019-02-09 10:33:31'),(28,25,25,'Shipping status','fa-ambulance','shop_shipping_status',NULL,'2018-05-06 16:46:53','2019-02-09 10:33:31'),(30,0,28,'Extensions','fa-puzzle-piece',NULL,NULL,'2018-05-07 06:47:33','2019-02-09 10:33:31'),(31,0,26,'Customer Manager','fa-group',NULL,NULL,'2018-05-07 06:52:20','2019-02-09 10:33:31'),(51,23,43,'Config global','fa-cogs','config_global',NULL,'2018-09-19 13:51:31','2019-02-09 10:33:31'),(52,56,45,'Config Language','fa-pagelines','language',NULL,'2018-10-14 14:58:23','2019-02-09 10:33:31'),(53,75,35,'HTML Module','fa-bars','layout',NULL,'2018-10-16 23:16:09','2019-02-09 10:33:31'),(56,23,44,'Localisation','fa-shirtsinbulk',NULL,NULL,'2018-11-01 23:04:12','2019-02-09 10:33:31'),(57,15,18,'Vendor','fa-user-secret','shop_vendor',NULL,'2018-11-07 15:15:33','2019-02-09 10:33:31'),(58,0,47,'Report & Analytics','fa-pie-chart',NULL,NULL,'2018-11-07 22:59:47','2019-02-09 10:33:31'),(59,58,48,'Customer','fa-bars','report/customer',NULL,'2018-11-07 23:00:54','2019-02-09 10:33:31'),(60,58,49,'Product','fa-bars','report/product',NULL,'2018-11-07 23:01:21','2019-02-09 10:33:31'),(61,15,19,'Import multi product','fa-save','process/productImport',NULL,'2018-11-11 09:10:14','2019-02-09 10:33:31'),(62,0,36,'Images manager','fa-image',NULL,NULL,'2018-11-12 12:25:16','2019-02-09 10:33:31'),(63,62,38,'Images','fa-file-image-o','documents',NULL,'2018-11-12 12:26:13','2019-02-09 10:33:31'),(64,56,46,'Currencies','fa-dollar','currencies',NULL,'2018-12-03 23:55:44','2019-02-25 03:29:53'),(65,0,39,'Api manager','fa-plug',NULL,NULL,'2018-12-16 02:51:06','2019-02-09 10:33:31'),(66,65,40,'Shop Api','fa-usb','modules/api/shop_api',NULL,'2018-12-16 02:53:09','2019-02-09 10:33:31'),(70,15,20,'Attributes group','fa-bars','shop_attribute_group',NULL,'2018-12-27 15:32:39','2019-02-09 10:33:31'),(71,30,29,'Payment','fa-money','extensions/Payment',NULL,'2019-02-01 08:50:26','2019-02-09 10:33:31'),(72,30,30,'Shipping','fa-ambulance','extensions/Shipping',NULL,'2019-02-01 08:51:58','2019-02-09 10:33:31'),(73,30,31,'Total','fa-cog','extensions/Total',NULL,'2019-02-01 08:52:33','2019-02-09 10:33:31'),(74,30,32,'Other','fa-circle-thin','extensions/Other',NULL,'2019-02-01 08:53:09','2019-02-09 10:33:31'),(75,0,33,'Modules','fa-codepen',NULL,NULL,'2019-02-08 05:17:59','2019-02-09 10:33:31'),(76,75,34,'Cms','fa-modx','modules/Cms',NULL,'2019-02-08 05:25:13','2019-02-09 10:33:31'),(79,100,11,'Cms categories','fa-folder-open-o','modules/cms/cms_category',NULL,NULL,'2019-02-09 10:33:31'),(80,100,12,'Cms contents','fa-copy','modules/cms/cms_content',NULL,NULL,'2019-02-09 10:33:31'),(81,23,0,'Templates manager','fa-columns','config_template',NULL,'2019-02-25 03:26:36','2019-02-25 03:26:36'),(82,23,0,'Backup & Restore','fa-save','backup_database',NULL,'2019-02-25 03:32:26','2019-02-25 03:32:26'),(83,31,0,'Subscribe manager','fa-user-md','subscribe',NULL,'2019-02-27 01:39:41','2019-02-27 01:39:41'),(100,0,9,'CMS Manager','fa-coffee',NULL,NULL,'2018-02-10 02:06:05','2019-02-08 09:21:24');
/*!40000 ALTER TABLE `admin_menu` ENABLE KEYS */;
UNLOCK TABLES;

--
-- Table structure for table `admin_operation_log`
--

DROP TABLE IF EXISTS `admin_operation_log`;
/*!40101 SET @saved_cs_client     = @@character_set_client */;
/*!40101 SET character_set_client = utf8 */;
CREATE TABLE `admin_operation_log` (
  `id` int(10) unsigned NOT NULL AUTO_INCREMENT,
  `user_id` int(11) NOT NULL,
  `path` varchar(255) COLLATE utf8mb4_unicode_ci NOT NULL,
  `method` varchar(10) COLLATE utf8mb4_unicode_ci NOT NULL,
  `ip` varchar(15) COLLATE utf8mb4_unicode_ci NOT NULL,
  `input` text COLLATE utf8mb4_unicode_ci NOT NULL,
  `created_at` timestamp NULL DEFAULT NULL,
  `updated_at` timestamp NULL DEFAULT NULL,
  PRIMARY KEY (`id`),
  KEY `admin_operation_log_user_id_index` (`user_id`)
) ENGINE=InnoDB AUTO_INCREMENT=45 DEFAULT CHARSET=utf8mb4 COLLATE=utf8mb4_unicode_ci;
/*!40101 SET character_set_client = @saved_cs_client */;

--
-- Dumping data for table `admin_operation_log`
--

LOCK TABLES `admin_operation_log` WRITE;
/*!40000 ALTER TABLE `admin_operation_log` DISABLE KEYS */;
INSERT INTO `admin_operation_log` VALUES (1,1,'system_admin/shop_order_edit/102','GET','127.0.0.1','[]','2019-03-01 14:18:39','2019-03-01 14:18:39'),(2,1,'system_admin/shop_order_edit/102','GET','127.0.0.1','[]','2019-03-01 14:19:41','2019-03-01 14:19:41'),(3,1,'system_admin/shop_page','GET','127.0.0.1','[]','2019-03-01 14:19:45','2019-03-01 14:19:45'),(4,1,'system_admin/extensions/Payment','GET','127.0.0.1','{\"_pjax\":\"#pjax-container\"}','2019-03-01 14:19:49','2019-03-01 14:19:49'),(5,1,'system_admin/extensions/uninstallExtension','POST','127.0.0.1','{\"_token\":\"k5o3wJQ0GrV6qvAfMMcGjufbQrJuI1OObHaKZmKC\",\"key\":\"Paypal\",\"group\":\"Payment\"}','2019-03-01 14:19:53','2019-03-01 14:19:53'),(6,1,'system_admin/extensions/Payment','GET','127.0.0.1','[]','2019-03-01 14:19:53','2019-03-01 14:19:53'),(7,1,'system_admin/extensions/Shipping','GET','127.0.0.1','{\"_pjax\":\"#pjax-container\"}','2019-03-01 14:20:00','2019-03-01 14:20:00'),(8,1,'system_admin/shop_category','GET','127.0.0.1','{\"_pjax\":\"#pjax-container\"}','2019-03-01 14:20:03','2019-03-01 14:20:03'),(9,1,'system_admin/shop_product','GET','127.0.0.1','{\"_pjax\":\"#pjax-container\"}','2019-03-01 14:20:06','2019-03-01 14:20:06'),(10,1,'system_admin/modules/cms/cms_news','GET','127.0.0.1','{\"_pjax\":\"#pjax-container\"}','2019-03-01 14:20:09','2019-03-01 14:20:09'),(11,1,'system_admin/modules/cms/cms_news','GET','127.0.0.1','{\"_pjax\":\"#pjax-container\"}','2019-03-01 14:20:11','2019-03-01 14:20:11'),(12,1,'system_admin/modules/cms/cms_category','GET','127.0.0.1','{\"_pjax\":\"#pjax-container\"}','2019-03-01 14:20:13','2019-03-01 14:20:13'),(13,1,'system_admin/modules/cms/cms_content','GET','127.0.0.1','{\"_pjax\":\"#pjax-container\"}','2019-03-01 14:20:15','2019-03-01 14:20:15'),(14,1,'system_admin/shop_category','GET','127.0.0.1','{\"_pjax\":\"#pjax-container\"}','2019-03-01 14:20:17','2019-03-01 14:20:17'),(15,1,'system_admin/shop_product','GET','127.0.0.1','{\"_pjax\":\"#pjax-container\"}','2019-03-01 14:20:19','2019-03-01 14:20:19'),(16,1,'system_admin/shop_special_price','GET','127.0.0.1','{\"_pjax\":\"#pjax-container\"}','2019-03-01 14:20:20','2019-03-01 14:20:20'),(17,1,'system_admin/process/productImport','GET','127.0.0.1','{\"_pjax\":\"#pjax-container\"}','2019-03-01 14:20:27','2019-03-01 14:20:27'),(18,1,'system_admin/shop_category','GET','127.0.0.1','{\"_pjax\":\"#pjax-container\"}','2019-03-01 14:20:29','2019-03-01 14:20:29'),(19,1,'system_admin/shop_product','GET','127.0.0.1','{\"_pjax\":\"#pjax-container\"}','2019-03-01 14:20:30','2019-03-01 14:20:30'),(20,1,'system_admin/shop_vendor','GET','127.0.0.1','{\"_pjax\":\"#pjax-container\"}','2019-03-01 14:20:32','2019-03-01 14:20:32'),(21,1,'system_admin/shop_brand','GET','127.0.0.1','{\"_pjax\":\"#pjax-container\"}','2019-03-01 14:20:33','2019-03-01 14:20:33'),(22,1,'system_admin/process/productImport','GET','127.0.0.1','{\"_pjax\":\"#pjax-container\"}','2019-03-01 14:20:34','2019-03-01 14:20:34'),(23,1,'system_admin/shop_attribute_group','GET','127.0.0.1','{\"_pjax\":\"#pjax-container\"}','2019-03-01 14:20:35','2019-03-01 14:20:35'),(24,1,'system_admin/shop_order_status','GET','127.0.0.1','{\"_pjax\":\"#pjax-container\"}','2019-03-01 14:20:38','2019-03-01 14:20:38'),(25,1,'system_admin/shop_payment_status','GET','127.0.0.1','{\"_pjax\":\"#pjax-container\"}','2019-03-01 14:20:40','2019-03-01 14:20:40'),(26,1,'system_admin/shop_shipping_status','GET','127.0.0.1','{\"_pjax\":\"#pjax-container\"}','2019-03-01 14:20:42','2019-03-01 14:20:42'),(27,1,'system_admin/shop_shipping_status','GET','127.0.0.1','{\"_pjax\":\"#pjax-container\"}','2019-03-01 14:20:42','2019-03-01 14:20:42'),(28,1,'system_admin/subscribe','GET','127.0.0.1','{\"_pjax\":\"#pjax-container\"}','2019-03-01 14:20:46','2019-03-01 14:20:46'),(29,1,'system_admin/shop_customer','GET','127.0.0.1','{\"_pjax\":\"#pjax-container\"}','2019-03-01 14:36:13','2019-03-01 14:36:13'),(30,1,'system_admin/subscribe','GET','127.0.0.1','{\"_pjax\":\"#pjax-container\"}','2019-03-01 14:36:19','2019-03-01 14:36:19'),(31,1,'system_admin/extensions/Payment','GET','127.0.0.1','{\"_pjax\":\"#pjax-container\"}','2019-03-01 14:36:26','2019-03-01 14:36:26'),(32,1,'system_admin/extensions/Shipping','GET','127.0.0.1','{\"_pjax\":\"#pjax-container\"}','2019-03-01 14:36:27','2019-03-01 14:36:27'),(33,1,'system_admin/extensions/Total','GET','127.0.0.1','{\"_pjax\":\"#pjax-container\"}','2019-03-01 14:36:27','2019-03-01 14:36:27'),(34,1,'system_admin/backup_database','GET','127.0.0.1','{\"_pjax\":\"#pjax-container\"}','2019-03-01 14:36:33','2019-03-01 14:36:33'),(35,1,'system_admin/backup','POST','127.0.0.1','{\"_token\":\"k5o3wJQ0GrV6qvAfMMcGjufbQrJuI1OObHaKZmKC\"}','2019-03-01 14:36:35','2019-03-01 14:36:35'),(36,1,'system_admin/backup_database','GET','127.0.0.1','[]','2019-03-01 14:36:39','2019-03-01 14:36:39'),(37,1,'system_admin/backup_database','POST','127.0.0.1','{\"_token\":\"k5o3wJQ0GrV6qvAfMMcGjufbQrJuI1OObHaKZmKC\",\"file\":\"backup-2019-03-01-21-36-38.sql\",\"action\":\"remove\"}','2019-03-01 14:36:47','2019-03-01 14:36:47'),(38,1,'system_admin/backup_database','GET','127.0.0.1','[]','2019-03-01 14:36:48','2019-03-01 14:36:48'),(39,1,'system_admin/auth/setting','GET','127.0.0.1','[]','2019-03-01 14:36:52','2019-03-01 14:36:52'),(40,1,'system_admin/auth/setting','PUT','127.0.0.1','{\"name\":\"Administrator\",\"password\":\"admin\",\"password_confirmation\":\"admin\",\"_token\":\"k5o3wJQ0GrV6qvAfMMcGjufbQrJuI1OObHaKZmKC\",\"_method\":\"PUT\",\"_previous_\":\"http:\\/\\/demoshop.local\\/system_admin\\/backup_database\"}','2019-03-01 14:37:01','2019-03-01 14:37:01'),(41,1,'system_admin/auth/setting','GET','127.0.0.1','[]','2019-03-01 14:37:02','2019-03-01 14:37:02'),(42,1,'system_admin/backup_database','GET','127.0.0.1','{\"_pjax\":\"#pjax-container\"}','2019-03-01 14:37:09','2019-03-01 14:37:09'),(43,1,'system_admin/backup_database','GET','127.0.0.1','{\"_pjax\":\"#pjax-container\"}','2019-03-01 14:37:09','2019-03-01 14:37:09'),(44,1,'system_admin/backup','POST','127.0.0.1','{\"_token\":\"k5o3wJQ0GrV6qvAfMMcGjufbQrJuI1OObHaKZmKC\"}','2019-03-01 14:37:11','2019-03-01 14:37:11');
/*!40000 ALTER TABLE `admin_operation_log` ENABLE KEYS */;
UNLOCK TABLES;

--
-- Table structure for table `admin_permissions`
--

DROP TABLE IF EXISTS `admin_permissions`;
/*!40101 SET @saved_cs_client     = @@character_set_client */;
/*!40101 SET character_set_client = utf8 */;
CREATE TABLE `admin_permissions` (
  `id` int(10) unsigned NOT NULL AUTO_INCREMENT,
  `name` varchar(50) COLLATE utf8mb4_unicode_ci NOT NULL,
  `slug` varchar(50) COLLATE utf8mb4_unicode_ci NOT NULL,
  `http_method` varchar(255) COLLATE utf8mb4_unicode_ci DEFAULT NULL,
  `http_path` text COLLATE utf8mb4_unicode_ci,
  `created_at` timestamp NULL DEFAULT NULL,
  `updated_at` timestamp NULL DEFAULT NULL,
  PRIMARY KEY (`id`),
  UNIQUE KEY `admin_permissions_name_unique` (`name`)
) ENGINE=InnoDB AUTO_INCREMENT=11 DEFAULT CHARSET=utf8mb4 COLLATE=utf8mb4_unicode_ci;
/*!40101 SET character_set_client = @saved_cs_client */;

--
-- Dumping data for table `admin_permissions`
--

LOCK TABLES `admin_permissions` WRITE;
/*!40000 ALTER TABLE `admin_permissions` DISABLE KEYS */;
INSERT INTO `admin_permissions` VALUES (1,'All permission','*','','*',NULL,'2018-07-26 07:29:38'),(2,'Dashboard','dashboard','GET','/',NULL,NULL),(3,'Login','auth.login','','/auth/login\r\n/auth/logout',NULL,NULL),(4,'User setting','auth.setting','GET,PUT,DELETE','/auth/setting',NULL,'2018-08-25 04:19:26'),(5,'Auth management','auth.management','','/auth/roles\r\n/auth/permissions\r\n/auth/menu\r\n/auth/logs',NULL,NULL),(10,'View','view','GET','*','2018-09-23 11:56:03','2019-02-09 10:41:53');
/*!40000 ALTER TABLE `admin_permissions` ENABLE KEYS */;
UNLOCK TABLES;

--
-- Table structure for table `admin_role_menu`
--

DROP TABLE IF EXISTS `admin_role_menu`;
/*!40101 SET @saved_cs_client     = @@character_set_client */;
/*!40101 SET character_set_client = utf8 */;
CREATE TABLE `admin_role_menu` (
  `role_id` int(11) NOT NULL,
  `menu_id` int(11) NOT NULL,
  `created_at` timestamp NULL DEFAULT NULL,
  `updated_at` timestamp NULL DEFAULT NULL,
  KEY `admin_role_menu_role_id_menu_id_index` (`role_id`,`menu_id`)
) ENGINE=InnoDB DEFAULT CHARSET=utf8mb4 COLLATE=utf8mb4_unicode_ci;
/*!40101 SET character_set_client = @saved_cs_client */;

--
-- Dumping data for table `admin_role_menu`
--

LOCK TABLES `admin_role_menu` WRITE;
/*!40000 ALTER TABLE `admin_role_menu` DISABLE KEYS */;
INSERT INTO `admin_role_menu` VALUES (1,12,NULL,NULL);
/*!40000 ALTER TABLE `admin_role_menu` ENABLE KEYS */;
UNLOCK TABLES;

--
-- Table structure for table `admin_role_permissions`
--

DROP TABLE IF EXISTS `admin_role_permissions`;
/*!40101 SET @saved_cs_client     = @@character_set_client */;
/*!40101 SET character_set_client = utf8 */;
CREATE TABLE `admin_role_permissions` (
  `role_id` int(11) NOT NULL,
  `permission_id` int(11) NOT NULL,
  `created_at` timestamp NULL DEFAULT NULL,
  `updated_at` timestamp NULL DEFAULT NULL,
  KEY `admin_role_permissions_role_id_permission_id_index` (`role_id`,`permission_id`)
) ENGINE=InnoDB DEFAULT CHARSET=utf8mb4 COLLATE=utf8mb4_unicode_ci;
/*!40101 SET character_set_client = @saved_cs_client */;

--
-- Dumping data for table `admin_role_permissions`
--

LOCK TABLES `admin_role_permissions` WRITE;
/*!40000 ALTER TABLE `admin_role_permissions` DISABLE KEYS */;
INSERT INTO `admin_role_permissions` VALUES (1,1,NULL,NULL),(3,3,NULL,NULL),(2,2,NULL,NULL),(2,3,NULL,NULL),(2,4,NULL,NULL),(4,3,NULL,NULL),(4,4,NULL,NULL),(3,10,NULL,NULL);
/*!40000 ALTER TABLE `admin_role_permissions` ENABLE KEYS */;
UNLOCK TABLES;

--
-- Table structure for table `admin_role_users`
--

DROP TABLE IF EXISTS `admin_role_users`;
/*!40101 SET @saved_cs_client     = @@character_set_client */;
/*!40101 SET character_set_client = utf8 */;
CREATE TABLE `admin_role_users` (
  `role_id` int(11) NOT NULL,
  `user_id` int(11) NOT NULL,
  `created_at` timestamp NULL DEFAULT NULL,
  `updated_at` timestamp NULL DEFAULT NULL,
  KEY `admin_role_users_role_id_user_id_index` (`role_id`,`user_id`)
) ENGINE=InnoDB DEFAULT CHARSET=utf8mb4 COLLATE=utf8mb4_unicode_ci;
/*!40101 SET character_set_client = @saved_cs_client */;

--
-- Dumping data for table `admin_role_users`
--

LOCK TABLES `admin_role_users` WRITE;
/*!40000 ALTER TABLE `admin_role_users` DISABLE KEYS */;
INSERT INTO `admin_role_users` VALUES (1,1,NULL,NULL),(3,3,NULL,NULL);
/*!40000 ALTER TABLE `admin_role_users` ENABLE KEYS */;
UNLOCK TABLES;

--
-- Table structure for table `admin_roles`
--

DROP TABLE IF EXISTS `admin_roles`;
/*!40101 SET @saved_cs_client     = @@character_set_client */;
/*!40101 SET character_set_client = utf8 */;
CREATE TABLE `admin_roles` (
  `id` int(10) unsigned NOT NULL AUTO_INCREMENT,
  `name` varchar(50) COLLATE utf8mb4_unicode_ci NOT NULL,
  `slug` varchar(50) COLLATE utf8mb4_unicode_ci NOT NULL,
  `created_at` timestamp NULL DEFAULT NULL,
  `updated_at` timestamp NULL DEFAULT NULL,
  PRIMARY KEY (`id`),
  UNIQUE KEY `admin_roles_name_unique` (`name`)
) ENGINE=InnoDB AUTO_INCREMENT=5 DEFAULT CHARSET=utf8mb4 COLLATE=utf8mb4_unicode_ci;
/*!40101 SET character_set_client = @saved_cs_client */;

--
-- Dumping data for table `admin_roles`
--

LOCK TABLES `admin_roles` WRITE;
/*!40000 ALTER TABLE `admin_roles` DISABLE KEYS */;
INSERT INTO `admin_roles` VALUES (1,'Administrator','administrator','2018-01-12 10:27:40','2018-01-12 10:27:40'),(2,'Admin','admin','2018-01-12 11:02:33','2018-01-12 11:02:33'),(3,'User','user','2018-01-12 11:03:14','2018-01-12 11:03:14'),(4,'Content','content','2018-01-13 01:27:11','2018-01-13 01:27:11');
/*!40000 ALTER TABLE `admin_roles` ENABLE KEYS */;
UNLOCK TABLES;

--
-- Table structure for table `admin_user_permissions`
--

DROP TABLE IF EXISTS `admin_user_permissions`;
/*!40101 SET @saved_cs_client     = @@character_set_client */;
/*!40101 SET character_set_client = utf8 */;
CREATE TABLE `admin_user_permissions` (
  `user_id` int(11) NOT NULL,
  `permission_id` int(11) NOT NULL,
  `created_at` timestamp NULL DEFAULT NULL,
  `updated_at` timestamp NULL DEFAULT NULL,
  KEY `admin_user_permissions_user_id_permission_id_index` (`user_id`,`permission_id`)
) ENGINE=InnoDB DEFAULT CHARSET=utf8mb4 COLLATE=utf8mb4_unicode_ci;
/*!40101 SET character_set_client = @saved_cs_client */;

--
-- Dumping data for table `admin_user_permissions`
--

LOCK TABLES `admin_user_permissions` WRITE;
/*!40000 ALTER TABLE `admin_user_permissions` DISABLE KEYS */;
/*!40000 ALTER TABLE `admin_user_permissions` ENABLE KEYS */;
UNLOCK TABLES;

--
-- Table structure for table `admin_users`
--

DROP TABLE IF EXISTS `admin_users`;
/*!40101 SET @saved_cs_client     = @@character_set_client */;
/*!40101 SET character_set_client = utf8 */;
CREATE TABLE `admin_users` (
  `id` int(10) unsigned NOT NULL AUTO_INCREMENT,
  `username` varchar(190) COLLATE utf8mb4_unicode_ci NOT NULL,
  `password` varchar(60) COLLATE utf8mb4_unicode_ci NOT NULL,
  `name` varchar(255) COLLATE utf8mb4_unicode_ci NOT NULL,
  `avatar` varchar(255) COLLATE utf8mb4_unicode_ci DEFAULT NULL,
  `remember_token` varchar(100) COLLATE utf8mb4_unicode_ci DEFAULT NULL,
  `created_at` timestamp NULL DEFAULT NULL,
  `updated_at` timestamp NULL DEFAULT NULL,
  PRIMARY KEY (`id`),
  UNIQUE KEY `admin_users_username_unique` (`username`)
) ENGINE=InnoDB AUTO_INCREMENT=4 DEFAULT CHARSET=utf8mb4 COLLATE=utf8mb4_unicode_ci;
/*!40101 SET character_set_client = @saved_cs_client */;

--
-- Dumping data for table `admin_users`
--

LOCK TABLES `admin_users` WRITE;
/*!40000 ALTER TABLE `admin_users` DISABLE KEYS */;
INSERT INTO `admin_users` VALUES (1,'admin','$2y$10$vGv0TCsNXGllPy7VjeUxJOCqUMjiXWWj96EjkOPU16fpqKE0O50I2','Administrator',NULL,'KDYNovLlfzIFGr2MKxUwzcHcbkw2FPLMGjYODknTgQ8kgOBY1zhmh3Tbds3G','2018-01-12 10:27:40','2019-03-01 14:37:01'),(3,'test','$2y$10$Ao7Uey2z5jPFta/rZG51XuG1OZiWdlbdf3QSgsAjKn9Hfpcp14Ami','User',NULL,'ynoeLnWdVNG3AaOl2KTKykTFpr6SiYzz137pouGBrFWhCbEeStZinHFYlOPj','2018-01-12 11:05:28','2018-09-23 11:56:26');
/*!40000 ALTER TABLE `admin_users` ENABLE KEYS */;
UNLOCK TABLES;

--
-- Table structure for table `banner`
--

DROP TABLE IF EXISTS `banner`;
/*!40101 SET @saved_cs_client     = @@character_set_client */;
/*!40101 SET character_set_client = utf8 */;
CREATE TABLE `banner` (
  `id` int(10) unsigned NOT NULL AUTO_INCREMENT,
  `image` varchar(100) COLLATE utf8_unicode_ci DEFAULT NULL,
  `url` varchar(100) COLLATE utf8_unicode_ci DEFAULT NULL,
  `html` text COLLATE utf8_unicode_ci,
  `status` tinyint(4) NOT NULL DEFAULT '0',
  `sort` tinyint(4) NOT NULL DEFAULT '0',
  `click` tinyint(4) NOT NULL DEFAULT '0',
  `type` tinyint(4) DEFAULT '0',
  `created_at` timestamp NULL DEFAULT NULL,
  `updated_at` timestamp NULL DEFAULT NULL,
  PRIMARY KEY (`id`)
) ENGINE=InnoDB AUTO_INCREMENT=18 DEFAULT CHARSET=utf8 COLLATE=utf8_unicode_ci;
/*!40101 SET character_set_client = @saved_cs_client */;

--
-- Dumping data for table `banner`
--

LOCK TABLES `banner` WRITE;
/*!40000 ALTER TABLE `banner` DISABLE KEYS */;
INSERT INTO `banner` VALUES (8,'banner/6122cfae7fdb5fff1a4e7406dcab10ef.jpg',NULL,'<h1>S-CART</h1>\r\n                  <h2>Free E-Commerce Template</h2>\r\n                  <p>Lorem ipsum dolor sit amet, consectetur adipisicing elit, sed do eiusmod tempor incididunt ut labore et dolore magna aliqua. </p>\r\n                  <button type=\"button\" class=\"btn btn-default get\">Get it now</button>',1,0,0,1,'2018-08-02 09:23:32','2018-09-20 15:24:53'),(16,'banner/7b16dd5b838439ddbe58c3ea506f5db1.jpg',NULL,'<h1>S-CART</h1>\r\n                  <h2>Free E-Commerce Template</h2>\r\n                  <p>Lorem ipsum dolor sit amet, consectetur adipisicing elit, sed do eiusmod tempor incididunt ut labore et dolore magna aliqua. </p>\r\n                  <button type=\"button\" class=\"btn btn-default get\">Get it now</button>',1,0,0,1,'2018-08-21 08:09:08','2018-09-20 15:24:43'),(17,'banner/36e662803f744d4f9df2cecc2e17b87b.jpg',NULL,'<h1>S-CART</h1>\r\n                  <h2>Free E-Commerce Template</h2>\r\n                  <p>Lorem ipsum dolor sit amet, consectetur adipisicing elit, sed do eiusmod tempor incididunt ut labore et dolore magna aliqua. </p>\r\n                  <button type=\"button\" class=\"btn btn-default get\">Get it now</button>',1,0,0,0,'2018-09-03 09:51:56','2018-09-20 15:24:23');
/*!40000 ALTER TABLE `banner` ENABLE KEYS */;
UNLOCK TABLES;

--
-- Table structure for table `cms_category`
--

DROP TABLE IF EXISTS `cms_category`;
/*!40101 SET @saved_cs_client     = @@character_set_client */;
/*!40101 SET character_set_client = utf8 */;
CREATE TABLE `cms_category` (
  `id` int(10) unsigned NOT NULL AUTO_INCREMENT,
  `image` varchar(100) COLLATE utf8mb4_unicode_ci DEFAULT NULL,
  `parent` tinyint(4) NOT NULL DEFAULT '0',
  `sort` tinyint(4) NOT NULL DEFAULT '0',
  `status` tinyint(4) NOT NULL DEFAULT '0',
  PRIMARY KEY (`id`)
) ENGINE=InnoDB DEFAULT CHARSET=utf8mb4 COLLATE=utf8mb4_unicode_ci;
/*!40101 SET character_set_client = @saved_cs_client */;

--
-- Dumping data for table `cms_category`
--

LOCK TABLES `cms_category` WRITE;
/*!40000 ALTER TABLE `cms_category` DISABLE KEYS */;
/*!40000 ALTER TABLE `cms_category` ENABLE KEYS */;
UNLOCK TABLES;

--
-- Table structure for table `cms_category_description`
--

DROP TABLE IF EXISTS `cms_category_description`;
/*!40101 SET @saved_cs_client     = @@character_set_client */;
/*!40101 SET character_set_client = utf8 */;
CREATE TABLE `cms_category_description` (
  `cms_category_id` int(11) NOT NULL,
  `lang_id` int(11) NOT NULL,
  `title` varchar(200) COLLATE utf8mb4_unicode_ci DEFAULT NULL,
  `keyword` varchar(200) COLLATE utf8mb4_unicode_ci DEFAULT NULL,
  `description` varchar(200) COLLATE utf8mb4_unicode_ci DEFAULT NULL,
  UNIQUE KEY `cms_category_description_cms_category_id_lang_id_unique` (`cms_category_id`,`lang_id`)
) ENGINE=InnoDB DEFAULT CHARSET=utf8mb4 COLLATE=utf8mb4_unicode_ci;
/*!40101 SET character_set_client = @saved_cs_client */;

--
-- Dumping data for table `cms_category_description`
--

LOCK TABLES `cms_category_description` WRITE;
/*!40000 ALTER TABLE `cms_category_description` DISABLE KEYS */;
/*!40000 ALTER TABLE `cms_category_description` ENABLE KEYS */;
UNLOCK TABLES;

--
-- Table structure for table `cms_conten`
--

DROP TABLE IF EXISTS `cms_conten`;
/*!40101 SET @saved_cs_client     = @@character_set_client */;
/*!40101 SET character_set_client = utf8 */;
CREATE TABLE `cms_conten` (
  `id` int(10) unsigned NOT NULL AUTO_INCREMENT,
  `category_id` int(11) NOT NULL DEFAULT '0',
  `image` varchar(100) COLLATE utf8mb4_unicode_ci DEFAULT NULL,
  `sort` tinyint(4) NOT NULL DEFAULT '0',
  `status` tinyint(4) NOT NULL DEFAULT '0',
  `created_at` timestamp NULL DEFAULT NULL,
  `updated_at` timestamp NULL DEFAULT NULL,
  PRIMARY KEY (`id`)
) ENGINE=InnoDB DEFAULT CHARSET=utf8mb4 COLLATE=utf8mb4_unicode_ci;
/*!40101 SET character_set_client = @saved_cs_client */;

--
-- Dumping data for table `cms_conten`
--

LOCK TABLES `cms_conten` WRITE;
/*!40000 ALTER TABLE `cms_conten` DISABLE KEYS */;
/*!40000 ALTER TABLE `cms_conten` ENABLE KEYS */;
UNLOCK TABLES;

--
-- Table structure for table `cms_content_description`
--

DROP TABLE IF EXISTS `cms_content_description`;
/*!40101 SET @saved_cs_client     = @@character_set_client */;
/*!40101 SET character_set_client = utf8 */;
CREATE TABLE `cms_content_description` (
  `cms_content_id` int(11) NOT NULL,
  `lang_id` int(11) NOT NULL,
  `title` varchar(200) COLLATE utf8mb4_unicode_ci DEFAULT NULL,
  `keyword` varchar(200) COLLATE utf8mb4_unicode_ci DEFAULT NULL,
  `description` varchar(200) COLLATE utf8mb4_unicode_ci DEFAULT NULL,
  `content` text COLLATE utf8mb4_unicode_ci,
  UNIQUE KEY `cms_content_description_cms_content_id_lang_id_unique` (`cms_content_id`,`lang_id`)
) ENGINE=InnoDB DEFAULT CHARSET=utf8mb4 COLLATE=utf8mb4_unicode_ci;
/*!40101 SET character_set_client = @saved_cs_client */;

--
-- Dumping data for table `cms_content_description`
--

LOCK TABLES `cms_content_description` WRITE;
/*!40000 ALTER TABLE `cms_content_description` DISABLE KEYS */;
/*!40000 ALTER TABLE `cms_content_description` ENABLE KEYS */;
UNLOCK TABLES;

--
-- Table structure for table `cms_image`
--

DROP TABLE IF EXISTS `cms_image`;
/*!40101 SET @saved_cs_client     = @@character_set_client */;
/*!40101 SET character_set_client = utf8 */;
CREATE TABLE `cms_image` (
  `id` int(10) unsigned NOT NULL AUTO_INCREMENT,
  `content_id` int(11) NOT NULL DEFAULT '0',
  `image` varchar(100) COLLATE utf8mb4_unicode_ci DEFAULT NULL,
  `sort` tinyint(4) NOT NULL DEFAULT '0',
  `status` tinyint(4) NOT NULL DEFAULT '0',
  PRIMARY KEY (`id`)
) ENGINE=InnoDB DEFAULT CHARSET=utf8mb4 COLLATE=utf8mb4_unicode_ci;
/*!40101 SET character_set_client = @saved_cs_client */;

--
-- Dumping data for table `cms_image`
--

LOCK TABLES `cms_image` WRITE;
/*!40000 ALTER TABLE `cms_image` DISABLE KEYS */;
/*!40000 ALTER TABLE `cms_image` ENABLE KEYS */;
UNLOCK TABLES;

--
-- Table structure for table `cms_news`
--

DROP TABLE IF EXISTS `cms_news`;
/*!40101 SET @saved_cs_client     = @@character_set_client */;
/*!40101 SET character_set_client = utf8 */;
CREATE TABLE `cms_news` (
  `id` int(10) unsigned NOT NULL AUTO_INCREMENT,
  `image` varchar(200) COLLATE utf8_unicode_ci DEFAULT NULL,
  `sort` tinyint(4) unsigned NOT NULL DEFAULT '0',
  `status` tinyint(4) unsigned NOT NULL DEFAULT '0',
  `created_at` timestamp NULL DEFAULT NULL,
  `updated_at` timestamp NULL DEFAULT NULL,
  PRIMARY KEY (`id`)
) ENGINE=InnoDB AUTO_INCREMENT=8 DEFAULT CHARSET=utf8 COLLATE=utf8_unicode_ci;
/*!40101 SET character_set_client = @saved_cs_client */;

--
-- Dumping data for table `cms_news`
--

LOCK TABLES `cms_news` WRITE;
/*!40000 ALTER TABLE `cms_news` DISABLE KEYS */;
INSERT INTO `cms_news` VALUES (1,'cms_content/bdbd7a28e7be30d83ba2842cdc580a02.png',0,1,'2018-02-09 20:35:13','2018-09-05 23:25:35'),(2,'cms_content/8ce2fd76cf30bcd9e099345a68ca17b6.png',0,1,'2018-08-02 10:10:19','2018-09-05 23:25:26'),(3,'cms_content/bdbd7a28e7be30d83ba2842cdc580a02.png',0,1,'2018-08-02 10:16:49','2018-09-05 23:25:17'),(4,'cms_content/8ce2fd76cf30bcd9e099345a68ca17b6.png',0,1,'2018-08-02 10:59:52','2018-09-05 23:25:06'),(5,'cms_content/16889dd0f3e75856c9b387420d641ce4.png',0,1,'2018-08-09 06:44:08','2018-09-23 02:27:12'),(6,'cms_content/8ce2fd76cf30bcd9e099345a68ca17b6.png',0,1,'2018-08-09 06:50:36','2018-09-23 02:26:59'),(7,'cms_content/bdbd7a28e7be30d83ba2842cdc580a02.png',0,1,'2018-08-09 08:59:29','2018-09-23 02:26:41');
/*!40000 ALTER TABLE `cms_news` ENABLE KEYS */;
UNLOCK TABLES;

--
-- Table structure for table `cms_news_description`
--

DROP TABLE IF EXISTS `cms_news_description`;
/*!40101 SET @saved_cs_client     = @@character_set_client */;
/*!40101 SET character_set_client = utf8 */;
CREATE TABLE `cms_news_description` (
  `cms_news_id` int(11) NOT NULL,
  `lang_id` int(11) NOT NULL,
  `title` varchar(200) COLLATE utf8_unicode_ci DEFAULT NULL,
  `keyword` varchar(200) COLLATE utf8_unicode_ci DEFAULT NULL,
  `description` varchar(200) COLLATE utf8_unicode_ci DEFAULT NULL,
  `content` text COLLATE utf8_unicode_ci,
  UNIQUE KEY `cms_news_id_lang_id` (`cms_news_id`,`lang_id`)
) ENGINE=InnoDB DEFAULT CHARSET=utf8 COLLATE=utf8_unicode_ci;
/*!40101 SET character_set_client = @saved_cs_client */;

--
-- Dumping data for table `cms_news_description`
--

LOCK TABLES `cms_news_description` WRITE;
/*!40000 ALTER TABLE `cms_news_description` DISABLE KEYS */;
INSERT INTO `cms_news_description` VALUES (1,1,'Easy Polo Black Edition',NULL,'Lorem ipsum dolor sit amet, consectetur adipisicing elit, sed do eiusmod tempor incididunt ut labore et dolore magna aliqua.\r\n\r\n','<p>Lorem ipsum dolor sit amet, consectetur adipisicing elit, sed do eiusmod tempor incididunt ut labore et dolore magna aliqua.Lorem ipsum dolor sit amet, consectetur adipisicing elit, sed do eiusmod tempor incididunt ut labore et dolore magna aliqua.<img alt=\"\" src=\"/documents/photos/blogs/16d9_star_trek_tng_uniform_tee.jpeg\" style=\"width: 262px; height: 262px; float: right; margin: 10px;\" /></p>\r\n\r\n<p>Lorem ipsum dolor sit amet, consectetur adipisicing elit, sed do eiusmod tempor incididunt ut labore et dolore magna aliqua.Lorem ipsum dolor sit amet, consectetur adipisicing elit, sed do eiusmod tempor incididunt ut labore et dolore magna aliqua.</p>\r\n\r\n<p>Lorem ipsum dolor sit amet, consectetur adipisicing elit, sed do eiusmod tempor incididunt ut labore et dolore magna aliqua.Lorem ipsum dolor sit amet, consectetur adipisicing elit, sed do eiusmod tempor incididunt ut labore et dolore magna aliqua.</p>\r\n\r\n<p>Lorem ipsum dolor sit amet, consectetur adipisicing elit, sed do eiusmod tempor incididunt ut labore et dolore magna aliqua.Lorem ipsum dolor sit amet, consectetur adipisicing elit, sed do eiusmod tempor incididunt ut labore et dolore magna aliqua.</p>\r\n\r\n<p>&nbsp;</p>\r\n\r\n<p>&nbsp;</p>'),(1,2,'Easy Polo Black Edition',NULL,'Lorem ipsum dolor sit amet, consectetur adipisicing elit, sed do eiusmod tempor incididunt ut labore et dolore magna aliqua.\r\n\r\n','<p>Lorem ipsum dolor sit amet, consectetur adipisicing elit, sed do eiusmod tempor incididunt ut labore et dolore magna aliqua.Lorem ipsum dolor sit amet, consectetur adipisicing elit, sed do eiusmod tempor incididunt ut labore et dolore magna aliqua.<img alt=\"\" src=\"/documents/photos/blogs/16d9_star_trek_tng_uniform_tee.jpeg\" style=\"width: 262px; height: 262px; float: right; margin: 10px;\" /></p>\r\n\r\n<p>Lorem ipsum dolor sit amet, consectetur adipisicing elit, sed do eiusmod tempor incididunt ut labore et dolore magna aliqua.Lorem ipsum dolor sit amet, consectetur adipisicing elit, sed do eiusmod tempor incididunt ut labore et dolore magna aliqua.</p>\r\n\r\n<p>Lorem ipsum dolor sit amet, consectetur adipisicing elit, sed do eiusmod tempor incididunt ut labore et dolore magna aliqua.Lorem ipsum dolor sit amet, consectetur adipisicing elit, sed do eiusmod tempor incididunt ut labore et dolore magna aliqua.</p>\r\n\r\n<p>Lorem ipsum dolor sit amet, consectetur adipisicing elit, sed do eiusmod tempor incididunt ut labore et dolore magna aliqua.Lorem ipsum dolor sit amet, consectetur adipisicing elit, sed do eiusmod tempor incididunt ut labore et dolore magna aliqua.</p>\r\n\r\n<p>&nbsp;</p>\r\n\r\n<p>&nbsp;</p>'),(2,1,'Easy Polo Black Edition',NULL,'Lorem ipsum dolor sit amet, consectetur adipisicing elit, sed do eiusmod tempor incididunt ut labore et dolore magna aliqua.\r\n\r\n','<p>Lorem ipsum dolor sit amet, consectetur adipisicing elit, sed do eiusmod tempor incididunt ut labore et dolore magna aliqua.Lorem ipsum dolor sit amet, consectetur adipisicing elit, sed do eiusmod tempor incididunt ut labore et dolore magna aliqua.<img alt=\"\" src=\"/documents/photos/blogs/16d9_star_trek_tng_uniform_tee.jpeg\" style=\"width: 262px; height: 262px; float: right; margin: 10px;\" /></p>\r\n\r\n<p>Lorem ipsum dolor sit amet, consectetur adipisicing elit, sed do eiusmod tempor incididunt ut labore et dolore magna aliqua.Lorem ipsum dolor sit amet, consectetur adipisicing elit, sed do eiusmod tempor incididunt ut labore et dolore magna aliqua.</p>\r\n\r\n<p>Lorem ipsum dolor sit amet, consectetur adipisicing elit, sed do eiusmod tempor incididunt ut labore et dolore magna aliqua.Lorem ipsum dolor sit amet, consectetur adipisicing elit, sed do eiusmod tempor incididunt ut labore et dolore magna aliqua.</p>\r\n\r\n<p>Lorem ipsum dolor sit amet, consectetur adipisicing elit, sed do eiusmod tempor incididunt ut labore et dolore magna aliqua.Lorem ipsum dolor sit amet, consectetur adipisicing elit, sed do eiusmod tempor incididunt ut labore et dolore magna aliqua.</p>\r\n\r\n<p>&nbsp;</p>\r\n\r\n<p>&nbsp;</p>'),(2,2,'Easy Polo Black Edition',NULL,'Lorem ipsum dolor sit amet, consectetur adipisicing elit, sed do eiusmod tempor incididunt ut labore et dolore magna aliqua.\r\n\r\n','<p>Lorem ipsum dolor sit amet, consectetur adipisicing elit, sed do eiusmod tempor incididunt ut labore et dolore magna aliqua.Lorem ipsum dolor sit amet, consectetur adipisicing elit, sed do eiusmod tempor incididunt ut labore et dolore magna aliqua.<img alt=\"\" src=\"/documents/photos/blogs/16d9_star_trek_tng_uniform_tee.jpeg\" style=\"width: 262px; height: 262px; float: right; margin: 10px;\" /></p>\r\n\r\n<p>Lorem ipsum dolor sit amet, consectetur adipisicing elit, sed do eiusmod tempor incididunt ut labore et dolore magna aliqua.Lorem ipsum dolor sit amet, consectetur adipisicing elit, sed do eiusmod tempor incididunt ut labore et dolore magna aliqua.</p>\r\n\r\n<p>Lorem ipsum dolor sit amet, consectetur adipisicing elit, sed do eiusmod tempor incididunt ut labore et dolore magna aliqua.Lorem ipsum dolor sit amet, consectetur adipisicing elit, sed do eiusmod tempor incididunt ut labore et dolore magna aliqua.</p>\r\n\r\n<p>Lorem ipsum dolor sit amet, consectetur adipisicing elit, sed do eiusmod tempor incididunt ut labore et dolore magna aliqua.Lorem ipsum dolor sit amet, consectetur adipisicing elit, sed do eiusmod tempor incididunt ut labore et dolore magna aliqua.</p>\r\n\r\n<p>&nbsp;</p>\r\n\r\n<p>&nbsp;</p>'),(3,1,'Easy Polo Black Edition',NULL,'Lorem ipsum dolor sit amet, consectetur adipisicing elit, sed do eiusmod tempor incididunt ut labore et dolore magna aliqua.\r\n\r\n','<p>Lorem ipsum dolor sit amet, consectetur adipisicing elit, sed do eiusmod tempor incididunt ut labore et dolore magna aliqua.Lorem ipsum dolor sit amet, consectetur adipisicing elit, sed do eiusmod tempor incididunt ut labore et dolore magna aliqua.<img alt=\"\" src=\"/documents/photos/blogs/16d9_star_trek_tng_uniform_tee.jpeg\" style=\"width: 262px; height: 262px; float: right; margin: 10px;\" /></p>\r\n\r\n<p>Lorem ipsum dolor sit amet, consectetur adipisicing elit, sed do eiusmod tempor incididunt ut labore et dolore magna aliqua.Lorem ipsum dolor sit amet, consectetur adipisicing elit, sed do eiusmod tempor incididunt ut labore et dolore magna aliqua.</p>\r\n\r\n<p>Lorem ipsum dolor sit amet, consectetur adipisicing elit, sed do eiusmod tempor incididunt ut labore et dolore magna aliqua.Lorem ipsum dolor sit amet, consectetur adipisicing elit, sed do eiusmod tempor incididunt ut labore et dolore magna aliqua.</p>\r\n\r\n<p>Lorem ipsum dolor sit amet, consectetur adipisicing elit, sed do eiusmod tempor incididunt ut labore et dolore magna aliqua.Lorem ipsum dolor sit amet, consectetur adipisicing elit, sed do eiusmod tempor incididunt ut labore et dolore magna aliqua.</p>\r\n\r\n<p>&nbsp;</p>\r\n\r\n<p>&nbsp;</p>'),(3,2,'Easy Polo Black Edition',NULL,'Lorem ipsum dolor sit amet, consectetur adipisicing elit, sed do eiusmod tempor incididunt ut labore et dolore magna aliqua.\r\n\r\n','<p>Lorem ipsum dolor sit amet, consectetur adipisicing elit, sed do eiusmod tempor incididunt ut labore et dolore magna aliqua.Lorem ipsum dolor sit amet, consectetur adipisicing elit, sed do eiusmod tempor incididunt ut labore et dolore magna aliqua.<img alt=\"\" src=\"/documents/photos/blogs/16d9_star_trek_tng_uniform_tee.jpeg\" style=\"width: 262px; height: 262px; float: right; margin: 10px;\" /></p>\r\n\r\n<p>Lorem ipsum dolor sit amet, consectetur adipisicing elit, sed do eiusmod tempor incididunt ut labore et dolore magna aliqua.Lorem ipsum dolor sit amet, consectetur adipisicing elit, sed do eiusmod tempor incididunt ut labore et dolore magna aliqua.</p>\r\n\r\n<p>Lorem ipsum dolor sit amet, consectetur adipisicing elit, sed do eiusmod tempor incididunt ut labore et dolore magna aliqua.Lorem ipsum dolor sit amet, consectetur adipisicing elit, sed do eiusmod tempor incididunt ut labore et dolore magna aliqua.</p>\r\n\r\n<p>Lorem ipsum dolor sit amet, consectetur adipisicing elit, sed do eiusmod tempor incididunt ut labore et dolore magna aliqua.Lorem ipsum dolor sit amet, consectetur adipisicing elit, sed do eiusmod tempor incididunt ut labore et dolore magna aliqua.</p>\r\n\r\n<p>&nbsp;</p>\r\n\r\n<p>&nbsp;</p>'),(4,1,'Easy Polo Black Edition',NULL,'Lorem ipsum dolor sit amet, consectetur adipisicing elit, sed do eiusmod tempor incididunt ut labore et dolore magna aliqua.\r\n\r\n','<p>Lorem ipsum dolor sit amet, consectetur adipisicing elit, sed do eiusmod tempor incididunt ut labore et dolore magna aliqua.Lorem ipsum dolor sit amet, consectetur adipisicing elit, sed do eiusmod tempor incididunt ut labore et dolore magna aliqua.<img alt=\"\" src=\"/documents/photos/blogs/16d9_star_trek_tng_uniform_tee.jpeg\" style=\"width: 262px; height: 262px; float: right; margin: 10px;\" /></p>\r\n\r\n<p>Lorem ipsum dolor sit amet, consectetur adipisicing elit, sed do eiusmod tempor incididunt ut labore et dolore magna aliqua.Lorem ipsum dolor sit amet, consectetur adipisicing elit, sed do eiusmod tempor incididunt ut labore et dolore magna aliqua.</p>\r\n\r\n<p>Lorem ipsum dolor sit amet, consectetur adipisicing elit, sed do eiusmod tempor incididunt ut labore et dolore magna aliqua.Lorem ipsum dolor sit amet, consectetur adipisicing elit, sed do eiusmod tempor incididunt ut labore et dolore magna aliqua.</p>\r\n\r\n<p>Lorem ipsum dolor sit amet, consectetur adipisicing elit, sed do eiusmod tempor incididunt ut labore et dolore magna aliqua.Lorem ipsum dolor sit amet, consectetur adipisicing elit, sed do eiusmod tempor incididunt ut labore et dolore magna aliqua.</p>\r\n\r\n<p>&nbsp;</p>\r\n\r\n<p>&nbsp;</p>'),(4,2,'Easy Polo Black Edition',NULL,'Lorem ipsum dolor sit amet, consectetur adipisicing elit, sed do eiusmod tempor incididunt ut labore et dolore magna aliqua.\r\n\r\n','<p>Lorem ipsum dolor sit amet, consectetur adipisicing elit, sed do eiusmod tempor incididunt ut labore et dolore magna aliqua.Lorem ipsum dolor sit amet, consectetur adipisicing elit, sed do eiusmod tempor incididunt ut labore et dolore magna aliqua.<img alt=\"\" src=\"/documents/photos/blogs/16d9_star_trek_tng_uniform_tee.jpeg\" style=\"width: 262px; height: 262px; float: right; margin: 10px;\" /></p>\r\n\r\n<p>Lorem ipsum dolor sit amet, consectetur adipisicing elit, sed do eiusmod tempor incididunt ut labore et dolore magna aliqua.Lorem ipsum dolor sit amet, consectetur adipisicing elit, sed do eiusmod tempor incididunt ut labore et dolore magna aliqua.</p>\r\n\r\n<p>Lorem ipsum dolor sit amet, consectetur adipisicing elit, sed do eiusmod tempor incididunt ut labore et dolore magna aliqua.Lorem ipsum dolor sit amet, consectetur adipisicing elit, sed do eiusmod tempor incididunt ut labore et dolore magna aliqua.</p>\r\n\r\n<p>Lorem ipsum dolor sit amet, consectetur adipisicing elit, sed do eiusmod tempor incididunt ut labore et dolore magna aliqua.Lorem ipsum dolor sit amet, consectetur adipisicing elit, sed do eiusmod tempor incididunt ut labore et dolore magna aliqua.</p>\r\n\r\n<p>&nbsp;</p>\r\n\r\n<p>&nbsp;</p>'),(5,1,'Easy Polo Black Edition',NULL,'Lorem ipsum dolor sit amet, consectetur adipisicing elit, sed do eiusmod tempor incididunt ut labore et dolore magna aliqua.\r\n\r\n','<p>Lorem ipsum dolor sit amet, consectetur adipisicing elit, sed do eiusmod tempor incididunt ut labore et dolore magna aliqua.Lorem ipsum dolor sit amet, consectetur adipisicing elit, sed do eiusmod tempor incididunt ut labore et dolore magna aliqua.<img alt=\"\" src=\"/documents/photos/blogs/16d9_star_trek_tng_uniform_tee.jpeg\" style=\"width: 262px; height: 262px; float: right; margin: 10px;\" /></p>\r\n\r\n<p>Lorem ipsum dolor sit amet, consectetur adipisicing elit, sed do eiusmod tempor incididunt ut labore et dolore magna aliqua.Lorem ipsum dolor sit amet, consectetur adipisicing elit, sed do eiusmod tempor incididunt ut labore et dolore magna aliqua.</p>\r\n\r\n<p>Lorem ipsum dolor sit amet, consectetur adipisicing elit, sed do eiusmod tempor incididunt ut labore et dolore magna aliqua.Lorem ipsum dolor sit amet, consectetur adipisicing elit, sed do eiusmod tempor incididunt ut labore et dolore magna aliqua.</p>\r\n\r\n<p>Lorem ipsum dolor sit amet, consectetur adipisicing elit, sed do eiusmod tempor incididunt ut labore et dolore magna aliqua.Lorem ipsum dolor sit amet, consectetur adipisicing elit, sed do eiusmod tempor incididunt ut labore et dolore magna aliqua.</p>\r\n\r\n<p>&nbsp;</p>\r\n\r\n<p>&nbsp;</p>'),(5,2,'Easy Polo Black Edition',NULL,'Lorem ipsum dolor sit amet, consectetur adipisicing elit, sed do eiusmod tempor incididunt ut labore et dolore magna aliqua.\r\n\r\n','<p>Lorem ipsum dolor sit amet, consectetur adipisicing elit, sed do eiusmod tempor incididunt ut labore et dolore magna aliqua.Lorem ipsum dolor sit amet, consectetur adipisicing elit, sed do eiusmod tempor incididunt ut labore et dolore magna aliqua.<img alt=\"\" src=\"/documents/photos/blogs/16d9_star_trek_tng_uniform_tee.jpeg\" style=\"width: 262px; height: 262px; float: right; margin: 10px;\" /></p>\r\n\r\n<p>Lorem ipsum dolor sit amet, consectetur adipisicing elit, sed do eiusmod tempor incididunt ut labore et dolore magna aliqua.Lorem ipsum dolor sit amet, consectetur adipisicing elit, sed do eiusmod tempor incididunt ut labore et dolore magna aliqua.</p>\r\n\r\n<p>Lorem ipsum dolor sit amet, consectetur adipisicing elit, sed do eiusmod tempor incididunt ut labore et dolore magna aliqua.Lorem ipsum dolor sit amet, consectetur adipisicing elit, sed do eiusmod tempor incididunt ut labore et dolore magna aliqua.</p>\r\n\r\n<p>Lorem ipsum dolor sit amet, consectetur adipisicing elit, sed do eiusmod tempor incididunt ut labore et dolore magna aliqua.Lorem ipsum dolor sit amet, consectetur adipisicing elit, sed do eiusmod tempor incididunt ut labore et dolore magna aliqua.</p>\r\n\r\n<p>&nbsp;</p>\r\n\r\n<p>&nbsp;</p>'),(6,1,'Easy Polo Black Edition',NULL,'Lorem ipsum dolor sit amet, consectetur adipisicing elit, sed do eiusmod tempor incididunt ut labore et dolore magna aliqua.\r\n\r\n','<p>Lorem ipsum dolor sit amet, consectetur adipisicing elit, sed do eiusmod tempor incididunt ut labore et dolore magna aliqua.Lorem ipsum dolor sit amet, consectetur adipisicing elit, sed do eiusmod tempor incididunt ut labore et dolore magna aliqua.<img alt=\"\" src=\"/documents/photos/blogs/16d9_star_trek_tng_uniform_tee.jpeg\" style=\"width: 262px; height: 262px; float: right; margin: 10px;\" /></p>\r\n\r\n<p>Lorem ipsum dolor sit amet, consectetur adipisicing elit, sed do eiusmod tempor incididunt ut labore et dolore magna aliqua.Lorem ipsum dolor sit amet, consectetur adipisicing elit, sed do eiusmod tempor incididunt ut labore et dolore magna aliqua.</p>\r\n\r\n<p>Lorem ipsum dolor sit amet, consectetur adipisicing elit, sed do eiusmod tempor incididunt ut labore et dolore magna aliqua.Lorem ipsum dolor sit amet, consectetur adipisicing elit, sed do eiusmod tempor incididunt ut labore et dolore magna aliqua.</p>\r\n\r\n<p>Lorem ipsum dolor sit amet, consectetur adipisicing elit, sed do eiusmod tempor incididunt ut labore et dolore magna aliqua.Lorem ipsum dolor sit amet, consectetur adipisicing elit, sed do eiusmod tempor incididunt ut labore et dolore magna aliqua.</p>\r\n\r\n<p>&nbsp;</p>\r\n\r\n<p>&nbsp;</p>'),(6,2,'Easy Polo Black Edition',NULL,'Lorem ipsum dolor sit amet, consectetur adipisicing elit, sed do eiusmod tempor incididunt ut labore et dolore magna aliqua.\r\n\r\n','<p>Lorem ipsum dolor sit amet, consectetur adipisicing elit, sed do eiusmod tempor incididunt ut labore et dolore magna aliqua.Lorem ipsum dolor sit amet, consectetur adipisicing elit, sed do eiusmod tempor incididunt ut labore et dolore magna aliqua.<img alt=\"\" src=\"/documents/photos/blogs/16d9_star_trek_tng_uniform_tee.jpeg\" style=\"width: 262px; height: 262px; float: right; margin: 10px;\" /></p>\r\n\r\n<p>Lorem ipsum dolor sit amet, consectetur adipisicing elit, sed do eiusmod tempor incididunt ut labore et dolore magna aliqua.Lorem ipsum dolor sit amet, consectetur adipisicing elit, sed do eiusmod tempor incididunt ut labore et dolore magna aliqua.</p>\r\n\r\n<p>Lorem ipsum dolor sit amet, consectetur adipisicing elit, sed do eiusmod tempor incididunt ut labore et dolore magna aliqua.Lorem ipsum dolor sit amet, consectetur adipisicing elit, sed do eiusmod tempor incididunt ut labore et dolore magna aliqua.</p>\r\n\r\n<p>Lorem ipsum dolor sit amet, consectetur adipisicing elit, sed do eiusmod tempor incididunt ut labore et dolore magna aliqua.Lorem ipsum dolor sit amet, consectetur adipisicing elit, sed do eiusmod tempor incididunt ut labore et dolore magna aliqua.</p>\r\n\r\n<p>&nbsp;</p>\r\n\r\n<p>&nbsp;</p>'),(7,1,'Easy Polo Black Edition',NULL,'Lorem ipsum dolor sit amet, consectetur adipisicing elit, sed do eiusmod tempor incididunt ut labore et dolore magna aliqua.','<p>Lorem ipsum dolor sit amet, consectetur adipisicing elit, sed do eiusmod tempor incididunt ut labore et dolore magna aliqua.Lorem ipsum dolor sit amet, consectetur adipisicing elit, sed do eiusmod tempor incididunt ut labore et dolore magna aliqua.<img alt=\"\" src=\"/documents/photos/blogs/16d9_star_trek_tng_uniform_tee.jpeg\" style=\"width: 262px; height: 262px; float: right; margin: 10px;\" /></p>\r\n\r\n<p>Lorem ipsum dolor sit amet, consectetur adipisicing elit, sed do eiusmod tempor incididunt ut labore et dolore magna aliqua.Lorem ipsum dolor sit amet, consectetur adipisicing elit, sed do eiusmod tempor incididunt ut labore et dolore magna aliqua.</p>\r\n\r\n<p>Lorem ipsum dolor sit amet, consectetur adipisicing elit, sed do eiusmod tempor incididunt ut labore et dolore magna aliqua.Lorem ipsum dolor sit amet, consectetur adipisicing elit, sed do eiusmod tempor incididunt ut labore et dolore magna aliqua.</p>\r\n\r\n<p>Lorem ipsum dolor sit amet, consectetur adipisicing elit, sed do eiusmod tempor incididunt ut labore et dolore magna aliqua.Lorem ipsum dolor sit amet, consectetur adipisicing elit, sed do eiusmod tempor incididunt ut labore et dolore magna aliqua.</p>\r\n\r\n<p>&nbsp;</p>\r\n\r\n<p>&nbsp;</p>'),(7,2,'Easy Polo Black Edition','','Lorem ipsum dolor sit amet, consectetur adipisicing elit, sed do eiusmod tempor incididunt ut labore et dolore magna aliqua.','<p>Lorem ipsum dolor sit amet, consectetur adipisicing elit, sed do eiusmod tempor incididunt ut labore et dolore magna aliqua.Lorem ipsum dolor sit amet, consectetur adipisicing elit, sed do eiusmod tempor incididunt ut labore et dolore magna aliqua.<img alt=\"\" src=\"/documents/photos/blogs/16d9_star_trek_tng_uniform_tee.jpeg\" style=\"width: 262px; height: 262px; float: right; margin: 10px;\" /></p>\r\n\r\n<p>Lorem ipsum dolor sit amet, consectetur adipisicing elit, sed do eiusmod tempor incididunt ut labore et dolore magna aliqua.Lorem ipsum dolor sit amet, consectetur adipisicing elit, sed do eiusmod tempor incididunt ut labore et dolore magna aliqua.</p>\r\n\r\n<p>Lorem ipsum dolor sit amet, consectetur adipisicing elit, sed do eiusmod tempor incididunt ut labore et dolore magna aliqua.Lorem ipsum dolor sit amet, consectetur adipisicing elit, sed do eiusmod tempor incididunt ut labore et dolore magna aliqua.</p>\r\n\r\n<p>Lorem ipsum dolor sit amet, consectetur adipisicing elit, sed do eiusmod tempor incididunt ut labore et dolore magna aliqua.Lorem ipsum dolor sit amet, consectetur adipisicing elit, sed do eiusmod tempor incididunt ut labore et dolore magna aliqua.</p>\r\n\r\n<p>&nbsp;</p>\r\n\r\n<p>&nbsp;</p>');
/*!40000 ALTER TABLE `cms_news_description` ENABLE KEYS */;
UNLOCK TABLES;

--
-- Table structure for table `config`
--

DROP TABLE IF EXISTS `config`;
/*!40101 SET @saved_cs_client     = @@character_set_client */;
/*!40101 SET character_set_client = utf8 */;
CREATE TABLE `config` (
  `id` int(10) unsigned NOT NULL AUTO_INCREMENT,
  `type` varchar(50) COLLATE utf8_unicode_ci DEFAULT NULL,
  `code` varchar(50) COLLATE utf8_unicode_ci NOT NULL,
  `key` varchar(50) COLLATE utf8_unicode_ci NOT NULL,
  `value` varchar(200) COLLATE utf8_unicode_ci DEFAULT NULL,
  `sort` tinyint(4) NOT NULL DEFAULT '0',
  `detail` varchar(300) COLLATE utf8_unicode_ci DEFAULT NULL,
  PRIMARY KEY (`id`),
  UNIQUE KEY `key` (`key`)
) ENGINE=InnoDB AUTO_INCREMENT=60 DEFAULT CHARSET=utf8 COLLATE=utf8_unicode_ci;
/*!40101 SET character_set_client = @saved_cs_client */;

--
-- Dumping data for table `config`
--

LOCK TABLES `config` WRITE;
/*!40000 ALTER TABLE `config` DISABLE KEYS */;
INSERT INTO `config` VALUES (10,NULL,'config','shop_allow_guest','1',11,'language.admin.shop_allow_guest'),(11,NULL,'smtp','smtp_host',NULL,8,'language.admin.smtp_host'),(12,NULL,'smtp','smtp_user','',7,'language.admin.smtp_user'),(13,NULL,'smtp','smtp_password','',6,'language.admin.smtp_password'),(14,NULL,'smtp','smtp_security','',5,'language.admin.smtp_security'),(15,NULL,'smtp','smtp_port','',4,'language.admin.smtp_port'),(16,NULL,'smtp','smtp_mode','0',9,'language.admin.smtp_mode'),(18,NULL,'config','product_preorder','1',18,'language.admin.product_preorder'),(19,NULL,'config','product_display_out_of_stock','1',19,'language.admin.product_display_out_of_stock'),(20,NULL,'config','product_buy_out_of_stock','1',20,'language.admin.product_buy_out_of_stock'),(22,NULL,'config','show_date_available','1',21,'language.admin.show_date_available'),(26,NULL,'display','product_hot','12',0,'language.admin.hot_product'),(27,NULL,'display','product_new','6',0,'language.admin.new_product'),(28,NULL,'display','product_list','18',0,'language.admin.list_product'),(29,NULL,'display','product_relation','4',0,'language.admin.relation_product'),(30,NULL,'config','site_ssl','0',0,'language.admin.enable_https'),(32,NULL,'config','watermark','1',0,'language.admin.enable_watermark'),(44,NULL,'config','site_status','1',100,'language.admin.site_status'),(45,NULL,'display','product_viewed','4',0,'language.admin.viewed_product'),(47,'Extensions','Payment','Cash','1',0,'Extensions/Payment/Cash.title'),(48,'Extensions','Shipping','ShippingStandard','1',0,'Shipping Standard'),(53,'Modules','Cms','News','1',0,'Modules/Cms/News.title'),(55,'Extensions','Total','Discount','1',0,'Extensions/Total/Discount.title'),(57,'Modules','Cms','Content','0',0,'Modules/Cms/Content.title');
/*!40000 ALTER TABLE `config` ENABLE KEYS */;
UNLOCK TABLES;

--
-- Table structure for table `config_global`
--

DROP TABLE IF EXISTS `config_global`;
/*!40101 SET @saved_cs_client     = @@character_set_client */;
/*!40101 SET character_set_client = utf8 */;
CREATE TABLE `config_global` (
  `id` int(11) NOT NULL AUTO_INCREMENT,
  `logo` varchar(100) COLLATE utf8_unicode_ci DEFAULT NULL,
  `watermark` varchar(100) COLLATE utf8_unicode_ci DEFAULT NULL,
  `template` varchar(100) COLLATE utf8_unicode_ci DEFAULT NULL,
  `phone` varchar(100) COLLATE utf8_unicode_ci DEFAULT NULL,
  `long_phone` varchar(100) COLLATE utf8_unicode_ci DEFAULT NULL,
  `email` varchar(50) COLLATE utf8_unicode_ci DEFAULT NULL,
  `time_active` varchar(200) COLLATE utf8_unicode_ci DEFAULT NULL,
  `address` varchar(300) COLLATE utf8_unicode_ci DEFAULT NULL,
  `locale` varchar(300) COLLATE utf8_unicode_ci DEFAULT NULL,
  `currency` varchar(300) COLLATE utf8_unicode_ci DEFAULT NULL,
  PRIMARY KEY (`id`)
) ENGINE=InnoDB AUTO_INCREMENT=2 DEFAULT CHARSET=utf8 COLLATE=utf8_unicode_ci;
/*!40101 SET character_set_client = @saved_cs_client */;

--
-- Dumping data for table `config_global`
--

LOCK TABLES `config_global` WRITE;
/*!40000 ALTER TABLE `config_global` DISABLE KEYS */;
INSERT INTO `config_global` VALUES (1,'images/scart-mid.png','images/watermark.png','default','0123456789','Support: 0987654321','admin@admin.com',NULL,'123st - abc - xyz','en','USD');
/*!40000 ALTER TABLE `config_global` ENABLE KEYS */;
UNLOCK TABLES;

--
-- Table structure for table `config_global_description`
--

DROP TABLE IF EXISTS `config_global_description`;
/*!40101 SET @saved_cs_client     = @@character_set_client */;
/*!40101 SET character_set_client = utf8 */;
CREATE TABLE `config_global_description` (
  `config_id` int(11) NOT NULL,
  `lang_id` tinyint(4) NOT NULL,
  `title` text COLLATE utf8mb4_unicode_ci,
  `description` text COLLATE utf8mb4_unicode_ci,
  `keyword` text COLLATE utf8mb4_unicode_ci,
  UNIQUE KEY `config_id_lang_id` (`config_id`,`lang_id`)
) ENGINE=InnoDB DEFAULT CHARSET=utf8mb4 COLLATE=utf8mb4_unicode_ci;
/*!40101 SET character_set_client = @saved_cs_client */;

--
-- Dumping data for table `config_global_description`
--

LOCK TABLES `config_global_description` WRITE;
/*!40000 ALTER TABLE `config_global_description` DISABLE KEYS */;
INSERT INTO `config_global_description` VALUES (1,1,'Demo S-cart: Free open source - eCommerce Platform for Business','Free website shopping cart for business',NULL),(1,2,'Demo S-cart: xy dng website bn hng min ph cho doanh nghip','Free website shopping cart for business',NULL);
/*!40000 ALTER TABLE `config_global_description` ENABLE KEYS */;
UNLOCK TABLES;

--
-- Table structure for table `language`
--

DROP TABLE IF EXISTS `language`;
/*!40101 SET @saved_cs_client     = @@character_set_client */;
/*!40101 SET character_set_client = utf8 */;
CREATE TABLE `language` (
  `id` int(11) NOT NULL AUTO_INCREMENT,
  `name` varchar(100) COLLATE utf8_unicode_ci NOT NULL,
  `code` varchar(50) COLLATE utf8_unicode_ci NOT NULL,
  `icon` varchar(100) COLLATE utf8_unicode_ci DEFAULT NULL,
  `status` tinyint(4) NOT NULL DEFAULT '1',
  `sort` tinyint(4) NOT NULL DEFAULT '0',
  PRIMARY KEY (`id`),
  UNIQUE KEY `code` (`code`)
) ENGINE=InnoDB AUTO_INCREMENT=3 DEFAULT CHARSET=utf8 COLLATE=utf8_unicode_ci;
/*!40101 SET character_set_client = @saved_cs_client */;

--
-- Dumping data for table `language`
--

LOCK TABLES `language` WRITE;
/*!40000 ALTER TABLE `language` DISABLE KEYS */;
INSERT INTO `language` VALUES (1,'English','en','language/flag_uk.png',1,1),(2,'Ting Vit','vi','language/flag_vn.png',1,1);
/*!40000 ALTER TABLE `language` ENABLE KEYS */;
UNLOCK TABLES;

--
-- Table structure for table `layout`
--

DROP TABLE IF EXISTS `layout`;
/*!40101 SET @saved_cs_client     = @@character_set_client */;
/*!40101 SET character_set_client = utf8 */;
CREATE TABLE `layout` (
  `id` int(11) NOT NULL AUTO_INCREMENT,
  `name` varchar(100) COLLATE utf8_unicode_ci NOT NULL,
  `position` varchar(100) COLLATE utf8_unicode_ci NOT NULL,
  `page_display` varchar(200) COLLATE utf8_unicode_ci DEFAULT NULL,
  `html` text COLLATE utf8_unicode_ci,
  `status` tinyint(4) NOT NULL DEFAULT '0',
  `sort` tinyint(4) NOT NULL DEFAULT '0',
  PRIMARY KEY (`id`)
) ENGINE=InnoDB AUTO_INCREMENT=3 DEFAULT CHARSET=utf8 COLLATE=utf8_unicode_ci;
/*!40101 SET character_set_client = @saved_cs_client */;

--
-- Dumping data for table `layout`
--

LOCK TABLES `layout` WRITE;
/*!40000 ALTER TABLE `layout` DISABLE KEYS */;
INSERT INTO `layout` VALUES (1,'Facebook code','top','','<div id=\"fb-root\"></div>\r\n<script>(function(d, s, id) {\r\n  var js, fjs = d.getElementsByTagName(s)[0];\r\n  if (d.getElementById(id)) return;\r\n  js = d.createElement(s); js.id = id;\r\n  js.src = \'//connect.facebook.net/vi_VN/sdk.js#xfbml=1&version=v2.8&appId=934208239994473\';\r\n  fjs.parentNode.insertBefore(js, fjs);\r\n}(document, \'script\', \'facebook-jssdk\'));\r\n</script>',1,0),(2,'Google Analytics','header','','<!-- Global site tag (gtag.js) - Google Analytics -->\r\n<script async src=\"https://www.googletagmanager.com/gtag/js?id=UA-128658138-1\"></script>\r\n<script>\r\n  window.dataLayer = window.dataLayer || [];\r\n  function gtag(){dataLayer.push(arguments);}\r\n  gtag(\'js\', new Date());\r\n\r\n  gtag(\'config\', \'UA-128658138-1\');\r\n</script>',1,0);
/*!40000 ALTER TABLE `layout` ENABLE KEYS */;
UNLOCK TABLES;

--
-- Table structure for table `migrations`
--

DROP TABLE IF EXISTS `migrations`;
/*!40101 SET @saved_cs_client     = @@character_set_client */;
/*!40101 SET character_set_client = utf8 */;
CREATE TABLE `migrations` (
  `id` int(10) unsigned NOT NULL AUTO_INCREMENT,
  `migration` varchar(255) COLLATE utf8mb4_unicode_ci NOT NULL,
  `batch` int(11) NOT NULL,
  PRIMARY KEY (`id`)
) ENGINE=InnoDB DEFAULT CHARSET=utf8mb4 COLLATE=utf8mb4_unicode_ci;
/*!40101 SET character_set_client = @saved_cs_client */;

--
-- Dumping data for table `migrations`
--

LOCK TABLES `migrations` WRITE;
/*!40000 ALTER TABLE `migrations` DISABLE KEYS */;
/*!40000 ALTER TABLE `migrations` ENABLE KEYS */;
UNLOCK TABLES;

--
-- Table structure for table `password_resets`
--

DROP TABLE IF EXISTS `password_resets`;
/*!40101 SET @saved_cs_client     = @@character_set_client */;
/*!40101 SET character_set_client = utf8 */;
CREATE TABLE `password_resets` (
  `email` varchar(50) COLLATE utf8mb4_unicode_ci NOT NULL,
  `token` varchar(255) COLLATE utf8mb4_unicode_ci NOT NULL,
  `created_at` timestamp NULL DEFAULT NULL,
  KEY `password_resets_email_index` (`email`)
) ENGINE=InnoDB DEFAULT CHARSET=utf8mb4 COLLATE=utf8mb4_unicode_ci;
/*!40101 SET character_set_client = @saved_cs_client */;

--
-- Dumping data for table `password_resets`
--

LOCK TABLES `password_resets` WRITE;
/*!40000 ALTER TABLE `password_resets` DISABLE KEYS */;
/*!40000 ALTER TABLE `password_resets` ENABLE KEYS */;
UNLOCK TABLES;

--
-- Table structure for table `shipping_standard`
--

DROP TABLE IF EXISTS `shipping_standard`;
/*!40101 SET @saved_cs_client     = @@character_set_client */;
/*!40101 SET character_set_client = utf8 */;
CREATE TABLE `shipping_standard` (
  `id` int(10) unsigned NOT NULL AUTO_INCREMENT,
  `fee` int(11) NOT NULL,
  `shipping_free` int(11) NOT NULL,
  PRIMARY KEY (`id`)
) ENGINE=InnoDB AUTO_INCREMENT=2 DEFAULT CHARSET=utf8mb4 COLLATE=utf8mb4_unicode_ci;
/*!40101 SET character_set_client = @saved_cs_client */;

--
-- Dumping data for table `shipping_standard`
--

LOCK TABLES `shipping_standard` WRITE;
/*!40000 ALTER TABLE `shipping_standard` DISABLE KEYS */;
INSERT INTO `shipping_standard` VALUES (1,20000,100000);
/*!40000 ALTER TABLE `shipping_standard` ENABLE KEYS */;
UNLOCK TABLES;

--
-- Table structure for table `shop_api`
--

DROP TABLE IF EXISTS `shop_api`;
/*!40101 SET @saved_cs_client     = @@character_set_client */;
/*!40101 SET character_set_client = utf8 */;
CREATE TABLE `shop_api` (
  `id` int(11) NOT NULL AUTO_INCREMENT,
  `name` varchar(20) COLLATE utf8_unicode_ci NOT NULL,
  `hidden_default` varchar(255) COLLATE utf8_unicode_ci DEFAULT NULL,
  `type` varchar(50) COLLATE utf8_unicode_ci NOT NULL COMMENT 'private - secret - public',
  PRIMARY KEY (`id`),
  UNIQUE KEY `name` (`name`)
) ENGINE=InnoDB AUTO_INCREMENT=5 DEFAULT CHARSET=utf8 COLLATE=utf8_unicode_ci;
/*!40101 SET character_set_client = @saved_cs_client */;

--
-- Dumping data for table `shop_api`
--

LOCK TABLES `shop_api` WRITE;
/*!40000 ALTER TABLE `shop_api` DISABLE KEYS */;
INSERT INTO `shop_api` VALUES (1,'api_product_list',NULL,'secret'),(2,'api_product_detail','cost,sold,stock,sort','private'),(3,'api_order_list','','public'),(4,'api_order_detail','','secret');
/*!40000 ALTER TABLE `shop_api` ENABLE KEYS */;
UNLOCK TABLES;

--
-- Table structure for table `shop_api_process`
--

DROP TABLE IF EXISTS `shop_api_process`;
/*!40101 SET @saved_cs_client     = @@character_set_client */;
/*!40101 SET character_set_client = utf8 */;
CREATE TABLE `shop_api_process` (
  `id` int(11) NOT NULL AUTO_INCREMENT,
  `api_id` int(11) NOT NULL DEFAULT '0',
  `secret_key` varchar(100) COLLATE utf8_unicode_ci DEFAULT NULL,
  `hidden_fileds` varchar(255) COLLATE utf8_unicode_ci DEFAULT NULL,
  `ip_allow` text COLLATE utf8_unicode_ci,
  `ip_deny` text COLLATE utf8_unicode_ci,
  `created_at` timestamp NULL DEFAULT NULL,
  `updated_at` timestamp NULL DEFAULT NULL,
  `exp` timestamp NULL DEFAULT NULL,
  `status` tinyint(4) NOT NULL DEFAULT '0',
  PRIMARY KEY (`id`),
  UNIQUE KEY `secret_key` (`secret_key`)
) ENGINE=InnoDB AUTO_INCREMENT=5 DEFAULT CHARSET=utf8 COLLATE=utf8_unicode_ci;
/*!40101 SET character_set_client = @saved_cs_client */;

--
-- Dumping data for table `shop_api_process`
--

LOCK TABLES `shop_api_process` WRITE;
/*!40000 ALTER TABLE `shop_api_process` DISABLE KEYS */;
INSERT INTO `shop_api_process` VALUES (1,1,'!CVCBsd$6j9ds3%flh[^d','descriptions,cost','','127.0.0.11,1233.2.2.3','2018-12-16 07:13:16','2018-12-16 07:17:33','2019-12-14 09:20:33',1),(4,1,'%GSFf13gkLtP@d','descriptions,brand_id',NULL,NULL,'2018-12-16 07:13:16','2018-12-16 07:13:16',NULL,1);
/*!40000 ALTER TABLE `shop_api_process` ENABLE KEYS */;
UNLOCK TABLES;

--
-- Table structure for table `shop_attribute_detail`
--

DROP TABLE IF EXISTS `shop_attribute_detail`;
/*!40101 SET @saved_cs_client     = @@character_set_client */;
/*!40101 SET character_set_client = utf8 */;
CREATE TABLE `shop_attribute_detail` (
  `id` int(11) NOT NULL AUTO_INCREMENT,
  `name` varchar(100) NOT NULL,
  `attribute_id` tinyint(4) NOT NULL,
  `product_id` int(11) NOT NULL,
  `sort` tinyint(4) NOT NULL DEFAULT '0',
  PRIMARY KEY (`id`)
) ENGINE=InnoDB AUTO_INCREMENT=13 DEFAULT CHARSET=utf8;
/*!40101 SET character_set_client = @saved_cs_client */;

--
-- Dumping data for table `shop_attribute_detail`
--

LOCK TABLES `shop_attribute_detail` WRITE;
/*!40000 ALTER TABLE `shop_attribute_detail` DISABLE KEYS */;
INSERT INTO `shop_attribute_detail` VALUES (5,'Blue',1,48,0),(6,'White',1,48,0),(7,'S',2,48,0),(8,'XL',2,48,0),(9,'Blue',1,49,0),(10,'Red',1,49,0),(11,'S',2,49,0),(12,'M',2,49,0);
/*!40000 ALTER TABLE `shop_attribute_detail` ENABLE KEYS */;
UNLOCK TABLES;

--
-- Table structure for table `shop_attribute_group`
--

DROP TABLE IF EXISTS `shop_attribute_group`;
/*!40101 SET @saved_cs_client     = @@character_set_client */;
/*!40101 SET character_set_client = utf8 */;
CREATE TABLE `shop_attribute_group` (
  `id` int(11) NOT NULL AUTO_INCREMENT,
  `name` varchar(100) NOT NULL,
  `status` tinyint(4) NOT NULL DEFAULT '0',
  `sort` tinyint(4) NOT NULL DEFAULT '0',
  `type` varchar(50) NOT NULL,
  PRIMARY KEY (`id`)
) ENGINE=InnoDB AUTO_INCREMENT=3 DEFAULT CHARSET=utf8;
/*!40101 SET character_set_client = @saved_cs_client */;

--
-- Dumping data for table `shop_attribute_group`
--

LOCK TABLES `shop_attribute_group` WRITE;
/*!40000 ALTER TABLE `shop_attribute_group` DISABLE KEYS */;
INSERT INTO `shop_attribute_group` VALUES (1,'Color',1,1,'radio'),(2,'Size',1,2,'select');
/*!40000 ALTER TABLE `shop_attribute_group` ENABLE KEYS */;
UNLOCK TABLES;

--
-- Table structure for table `shop_brand`
--

DROP TABLE IF EXISTS `shop_brand`;
/*!40101 SET @saved_cs_client     = @@character_set_client */;
/*!40101 SET character_set_client = utf8 */;
CREATE TABLE `shop_brand` (
  `id` int(10) unsigned NOT NULL AUTO_INCREMENT,
  `name` varchar(50) COLLATE utf8_unicode_ci NOT NULL,
  `image` varchar(50) COLLATE utf8_unicode_ci DEFAULT NULL,
  `url` varchar(50) COLLATE utf8_unicode_ci DEFAULT NULL,
  `status` tinyint(4) NOT NULL DEFAULT '0',
  `sort` tinyint(4) NOT NULL DEFAULT '0',
  PRIMARY KEY (`id`)
) ENGINE=InnoDB AUTO_INCREMENT=7 DEFAULT CHARSET=utf8 COLLATE=utf8_unicode_ci;
/*!40101 SET character_set_client = @saved_cs_client */;

--
-- Dumping data for table `shop_brand`
--

LOCK TABLES `shop_brand` WRITE;
/*!40000 ALTER TABLE `shop_brand` DISABLE KEYS */;
INSERT INTO `shop_brand` VALUES (1,'Husq','brand/1ca28f797c0f2edb635c4b51c2e7e952.png',NULL,1,0),(2,'Ideal','brand/0a778de7e1e2f2a0635d6a1727e3de8d.png',NULL,1,0),(3,'Apex','brand/d3abfcfc8c0fef7e1356fc637ab9d8d8.png',NULL,1,0),(4,'CST','brand/185c50c85b83644e02e8b96639370341.png',NULL,1,0),(5,'Klein','brand/3e11cc022e9f30774ab5f6a0c6c36451.png',NULL,1,0),(6,'Metabo','brand/7868b0924b8f115aef70292aea1a67b8.png',NULL,1,0);
/*!40000 ALTER TABLE `shop_brand` ENABLE KEYS */;
UNLOCK TABLES;

--
-- Table structure for table `shop_category`
--

DROP TABLE IF EXISTS `shop_category`;
/*!40101 SET @saved_cs_client     = @@character_set_client */;
/*!40101 SET character_set_client = utf8 */;
CREATE TABLE `shop_category` (
  `id` int(10) unsigned NOT NULL AUTO_INCREMENT,
  `image` varchar(100) COLLATE utf8_unicode_ci DEFAULT NULL,
  `parent` int(11) NOT NULL DEFAULT '0',
  `sort` tinyint(4) NOT NULL DEFAULT '0',
  `status` tinyint(4) NOT NULL DEFAULT '0',
  PRIMARY KEY (`id`)
) ENGINE=InnoDB AUTO_INCREMENT=19 DEFAULT CHARSET=utf8 COLLATE=utf8_unicode_ci;
/*!40101 SET character_set_client = @saved_cs_client */;

--
-- Dumping data for table `shop_category`
--

LOCK TABLES `shop_category` WRITE;
/*!40000 ALTER TABLE `shop_category` DISABLE KEYS */;
INSERT INTO `shop_category` VALUES (1,NULL,0,0,1),(2,'',0,0,1),(3,'',0,0,1),(4,'',0,0,1),(5,'',0,0,1),(6,'',9,0,1),(7,'',4,0,1),(8,'',4,0,1),(9,'',0,0,1),(10,'',2,0,1),(11,'',1,0,1),(12,'',1,3,1),(13,'',9,2,1),(14,'',4,0,1),(15,'',5,0,1),(16,'',2,0,1),(17,'',3,0,1),(18,'',3,0,1);
/*!40000 ALTER TABLE `shop_category` ENABLE KEYS */;
UNLOCK TABLES;

--
-- Table structure for table `shop_category_description`
--

DROP TABLE IF EXISTS `shop_category_description`;
/*!40101 SET @saved_cs_client     = @@character_set_client */;
/*!40101 SET character_set_client = utf8 */;
CREATE TABLE `shop_category_description` (
  `shop_category_id` int(11) NOT NULL,
  `lang_id` int(11) NOT NULL,
  `name` varchar(100) COLLATE utf8_unicode_ci DEFAULT NULL,
  `keyword` varchar(300) COLLATE utf8_unicode_ci DEFAULT NULL,
  `description` varchar(500) COLLATE utf8_unicode_ci DEFAULT NULL,
  UNIQUE KEY `shop_category_id_lang_id` (`shop_category_id`,`lang_id`)
) ENGINE=InnoDB DEFAULT CHARSET=utf8 COLLATE=utf8_unicode_ci;
/*!40101 SET character_set_client = @saved_cs_client */;

--
-- Dumping data for table `shop_category_description`
--

LOCK TABLES `shop_category_description` WRITE;
/*!40000 ALTER TABLE `shop_category_description` DISABLE KEYS */;
INSERT INTO `shop_category_description` VALUES (1,1,'SPORTSWEAR',NULL,NULL),(1,2,'Danh mc SPORTSWEAR',NULL,NULL),(2,1,'MENS',NULL,NULL),(2,2,'Danh mc MENS',NULL,NULL),(3,1,'WOMENS',NULL,NULL),(3,2,'Danh mc WOMENS',NULL,NULL),(4,1,'KIDS',NULL,NULL),(4,2,'Danh mc KIDS',NULL,NULL),(5,1,'FASHION',NULL,NULL),(5,2,'Danh mc FASHION',NULL,NULL),(6,1,'GUESS',NULL,NULL),(6,2,'Danh mc GUESS',NULL,NULL),(7,1,'PUMA',NULL,NULL),(7,2,'Danh mc PUMA',NULL,NULL),(8,1,'ASICS',NULL,NULL),(8,2,'Danh mc ASICS',NULL,NULL),(9,1,'HOUSEHOLDS',NULL,NULL),(9,2,'Danh mc HOUSEHOLDS',NULL,NULL),(10,1,'VALENTINO',NULL,NULL),(10,2,'Danh mc VALENTINO',NULL,NULL),(11,1,'DIOR',NULL,NULL),(11,2,'Danh mc DIOR',NULL,NULL),(12,1,'VALENTINO',NULL,NULL),(12,2,'Danh mc VALENTINO',NULL,NULL),(13,1,'DIOR',NULL,NULL),(13,2,'Danh mc DIOR',NULL,NULL),(14,1,'FENDI',NULL,NULL),(14,2,'Danh mc FENDI',NULL,NULL),(15,1,'FENDI',NULL,NULL),(15,2,'Danh mc  FENDI',NULL,NULL),(16,1,'NIKE',NULL,NULL),(16,2,'Danh mc NIKE',NULL,NULL),(17,1,'UNDER ARMOUR',NULL,NULL),(17,2,'Danh mc UNDER ARMOUR',NULL,NULL),(18,1,'ADIDAS',NULL,NULL),(18,2,'Danh mc ADIDAS',NULL,NULL);
/*!40000 ALTER TABLE `shop_category_description` ENABLE KEYS */;
UNLOCK TABLES;

--
-- Table structure for table `shop_currency`
--

DROP TABLE IF EXISTS `shop_currency`;
/*!40101 SET @saved_cs_client     = @@character_set_client */;
/*!40101 SET character_set_client = utf8 */;
CREATE TABLE `shop_currency` (
  `id` int(11) NOT NULL AUTO_INCREMENT,
  `name` varchar(100) COLLATE utf8_unicode_ci NOT NULL,
  `code` varchar(10) COLLATE utf8_unicode_ci NOT NULL,
  `symbol` varchar(10) COLLATE utf8_unicode_ci NOT NULL,
  `exchange_rate` float NOT NULL,
  `precision` tinyint(1) NOT NULL DEFAULT '2',
  `symbol_first` tinyint(4) NOT NULL DEFAULT '0',
  `thousands` varchar(2) COLLATE utf8_unicode_ci NOT NULL DEFAULT ',',
  `status` tinyint(4) NOT NULL DEFAULT '0',
  `sort` tinyint(4) NOT NULL DEFAULT '0',
  PRIMARY KEY (`id`),
  UNIQUE KEY `code` (`code`)
) ENGINE=InnoDB AUTO_INCREMENT=3 DEFAULT CHARSET=utf8 COLLATE=utf8_unicode_ci;
/*!40101 SET character_set_client = @saved_cs_client */;

--
-- Dumping data for table `shop_currency`
--

LOCK TABLES `shop_currency` WRITE;
/*!40000 ALTER TABLE `shop_currency` DISABLE KEYS */;
INSERT INTO `shop_currency` VALUES (1,'USD Dola','USD','$',1,0,1,',',1,0),(2,'VietNam Dong','VND','',20,0,0,',',1,1);
/*!40000 ALTER TABLE `shop_currency` ENABLE KEYS */;
UNLOCK TABLES;

--
-- Table structure for table `shop_discount`
--

DROP TABLE IF EXISTS `shop_discount`;
/*!40101 SET @saved_cs_client     = @@character_set_client */;
/*!40101 SET character_set_client = utf8 */;
CREATE TABLE `shop_discount` (
  `id` int(10) unsigned NOT NULL AUTO_INCREMENT,
  `code` varchar(32) COLLATE utf8mb4_unicode_ci NOT NULL,
  `reward` int(11) NOT NULL DEFAULT '0',
  `type` tinyint(4) NOT NULL DEFAULT '0',
  `data` text COLLATE utf8mb4_unicode_ci,
  `number_uses` int(11) NOT NULL DEFAULT '1',
  `used` int(11) NOT NULL DEFAULT '0',
  `status` tinyint(4) NOT NULL DEFAULT '1',
  `login` int(11) NOT NULL DEFAULT '0',
  `expires_at` timestamp NULL DEFAULT NULL,
  PRIMARY KEY (`id`),
  UNIQUE KEY `shop_discount_code_unique` (`code`)
) ENGINE=InnoDB AUTO_INCREMENT=2 DEFAULT CHARSET=utf8mb4 COLLATE=utf8mb4_unicode_ci;
/*!40101 SET character_set_client = @saved_cs_client */;

--
-- Dumping data for table `shop_discount`
--

LOCK TABLES `shop_discount` WRITE;
/*!40000 ALTER TABLE `shop_discount` DISABLE KEYS */;
INSERT INTO `shop_discount` VALUES (1,'TEST',10,0,NULL,10,0,1,0,NULL);
/*!40000 ALTER TABLE `shop_discount` ENABLE KEYS */;
UNLOCK TABLES;

--
-- Table structure for table `shop_discount_user`
--

DROP TABLE IF EXISTS `shop_discount_user`;
/*!40101 SET @saved_cs_client     = @@character_set_client */;
/*!40101 SET character_set_client = utf8 */;
CREATE TABLE `shop_discount_user` (
  `user_id` int(11) NOT NULL,
  `discount_id` int(11) NOT NULL,
  `log` text COLLATE utf8mb4_unicode_ci,
  `used_at` timestamp NULL DEFAULT NULL
) ENGINE=InnoDB DEFAULT CHARSET=utf8mb4 COLLATE=utf8mb4_unicode_ci;
/*!40101 SET character_set_client = @saved_cs_client */;

--
-- Dumping data for table `shop_discount_user`
--

LOCK TABLES `shop_discount_user` WRITE;
/*!40000 ALTER TABLE `shop_discount_user` DISABLE KEYS */;
/*!40000 ALTER TABLE `shop_discount_user` ENABLE KEYS */;
UNLOCK TABLES;

--
-- Table structure for table `shop_image`
--

DROP TABLE IF EXISTS `shop_image`;
/*!40101 SET @saved_cs_client     = @@character_set_client */;
/*!40101 SET character_set_client = utf8 */;
CREATE TABLE `shop_image` (
  `id` int(10) unsigned NOT NULL AUTO_INCREMENT,
  `image` varchar(100) COLLATE utf8_unicode_ci DEFAULT NULL,
  `product_id` int(10) unsigned NOT NULL DEFAULT '0',
  `sort` int(2) unsigned NOT NULL DEFAULT '0',
  `status` int(2) unsigned NOT NULL DEFAULT '0',
  PRIMARY KEY (`id`)
) ENGINE=InnoDB AUTO_INCREMENT=116 DEFAULT CHARSET=utf8 COLLATE=utf8_unicode_ci;
/*!40101 SET character_set_client = @saved_cs_client */;

--
-- Dumping data for table `shop_image`
--

LOCK TABLES `shop_image` WRITE;
/*!40000 ALTER TABLE `shop_image` DISABLE KEYS */;
INSERT INTO `shop_image` VALUES (82,'product_slide/0642809276ecd6a28cb23d464cf41734.jpeg',38,0,0),(83,'product_slide/f4786d81509a8d8ffa461535b07c77bc.png',38,0,0),(84,'product_slide/e09af215f794f8225063c368f46a971d.jpeg',39,0,0),(87,'product_slide/54fac65e58eb9abafe3ac1acbde5ee6d.jpeg',40,0,0),(88,'product_slide/81f37c10d867710075e3ab6153a31d03.png',40,0,0),(89,'product_slide/2fbba5ac3b9c0838e5ce2b536d0c5659.jpeg',42,0,0),(90,'product_slide/8718dfdb75f951010cdce669768c3e3a.png',42,0,0),(92,'product_slide/86282e4f808428108773596dea5ee29c.jpeg',43,0,0),(93,'product_slide/b89873b9c888c0511e14c6e3abc798e8.jpeg',43,0,0),(94,'product_slide/b0d9ffad7e40d07bae6d36665f765e0f.jpeg',43,0,0),(95,'product_slide/70edffd9b5b4121fb8aee7e41c941f03.jpeg',44,0,0),(96,'product_slide/e9d5898fc6daf50751ec0c4e91ed904d.jpeg',45,0,0),(109,'product_slide/e91e85e37bb89ed854aa4123ce5eb14f.jpeg',49,0,0),(110,'product_slide/bcf85f60d3fe35de2c1be6272f9605ef.png',52,0,0),(111,'product_slide/40999526f41b1d4090e30c6b0ce21dca.jpg',53,0,0),(113,'product_slide/7963a1dc4e1676c2b3bc97ade96de7b6.jpeg',49,0,0),(114,'product_slide/101a109520cfbddde1be1791423010b6.jpeg',46,0,0),(115,'product_slide/f02dbb115272eac46f46f015608ab93a.jpeg',46,0,0);
/*!40000 ALTER TABLE `shop_image` ENABLE KEYS */;
UNLOCK TABLES;

--
-- Table structure for table `shop_order`
--

DROP TABLE IF EXISTS `shop_order`;
/*!40101 SET @saved_cs_client     = @@character_set_client */;
/*!40101 SET character_set_client = utf8 */;
CREATE TABLE `shop_order` (
  `id` int(10) unsigned NOT NULL AUTO_INCREMENT,
  `user_id` int(11) NOT NULL DEFAULT '0',
  `subtotal` int(11) DEFAULT '0',
  `shipping` int(11) DEFAULT '0',
  `discount` int(11) DEFAULT '0',
  `payment_status` tinyint(4) NOT NULL DEFAULT '0' COMMENT '0-not send 1-pp send 2-sent',
  `shipping_status` tinyint(4) NOT NULL DEFAULT '0' COMMENT '0-notship 1-sending 2-pp send 3-shipped',
  `status` tinyint(4) NOT NULL DEFAULT '0' COMMENT '0-new 1-processing 2-hold 3-cancel 4-Completed',
  `tax` tinyint(4) DEFAULT '0' COMMENT '%',
  `total` int(11) DEFAULT '0',
  `currency` varchar(50) COLLATE utf8_unicode_ci DEFAULT NULL,
  `exchange_rate` float DEFAULT NULL,
  `received` int(11) DEFAULT '0',
  `balance` int(11) DEFAULT '0',
  `toname` varchar(100) COLLATE utf8_unicode_ci NOT NULL,
  `address1` varchar(100) COLLATE utf8_unicode_ci NOT NULL,
  `address2` varchar(100) COLLATE utf8_unicode_ci NOT NULL,
  `country` int(3) DEFAULT NULL,
  `phone` char(50) COLLATE utf8_unicode_ci NOT NULL,
  `email` char(100) COLLATE utf8_unicode_ci DEFAULT NULL,
  `comment` varchar(300) COLLATE utf8_unicode_ci DEFAULT NULL,
  `payment_method` varchar(100) COLLATE utf8_unicode_ci DEFAULT NULL,
  `transaction` varchar(100) COLLATE utf8_unicode_ci DEFAULT NULL,
  `created_at` timestamp NULL DEFAULT NULL,
  `updated_at` timestamp NULL DEFAULT NULL,
  PRIMARY KEY (`id`)
) ENGINE=InnoDB DEFAULT CHARSET=utf8 COLLATE=utf8_unicode_ci;
/*!40101 SET character_set_client = @saved_cs_client */;

--
-- Dumping data for table `shop_order`
--

LOCK TABLES `shop_order` WRITE;
/*!40000 ALTER TABLE `shop_order` DISABLE KEYS */;
/*!40000 ALTER TABLE `shop_order` ENABLE KEYS */;
UNLOCK TABLES;

--
-- Table structure for table `shop_order_detail`
--

DROP TABLE IF EXISTS `shop_order_detail`;
/*!40101 SET @saved_cs_client     = @@character_set_client */;
/*!40101 SET character_set_client = utf8 */;
CREATE TABLE `shop_order_detail` (
  `id` int(10) unsigned NOT NULL AUTO_INCREMENT,
  `order_id` int(10) unsigned NOT NULL DEFAULT '0',
  `product_id` int(11) unsigned NOT NULL,
  `name` varchar(255) COLLATE utf8_unicode_ci DEFAULT NULL,
  `price` int(11) DEFAULT '0' COMMENT 'Price: price of product or type',
  `qty` int(11) DEFAULT '0',
  `total_price` int(11) DEFAULT '0',
  `sku` varchar(25) COLLATE utf8_unicode_ci DEFAULT NULL,
  `type` varchar(100) COLLATE utf8_unicode_ci DEFAULT NULL COMMENT 'Attributes',
  `currency` varchar(50) COLLATE utf8_unicode_ci DEFAULT NULL,
  `exchange_rate` float DEFAULT NULL,
  `attribute` varchar(100) COLLATE utf8_unicode_ci DEFAULT NULL COMMENT 'Attributes',
  `created_at` timestamp NULL DEFAULT NULL,
  `updated_at` timestamp NULL DEFAULT NULL,
  PRIMARY KEY (`id`)
) ENGINE=InnoDB DEFAULT CHARSET=utf8 COLLATE=utf8_unicode_ci;
/*!40101 SET character_set_client = @saved_cs_client */;

--
-- Dumping data for table `shop_order_detail`
--

LOCK TABLES `shop_order_detail` WRITE;
/*!40000 ALTER TABLE `shop_order_detail` DISABLE KEYS */;
/*!40000 ALTER TABLE `shop_order_detail` ENABLE KEYS */;
UNLOCK TABLES;

--
-- Table structure for table `shop_order_history`
--

DROP TABLE IF EXISTS `shop_order_history`;
/*!40101 SET @saved_cs_client     = @@character_set_client */;
/*!40101 SET character_set_client = utf8 */;
CREATE TABLE `shop_order_history` (
  `id` int(11) NOT NULL AUTO_INCREMENT,
  `order_id` int(11) NOT NULL DEFAULT '0',
  `content` text COLLATE utf8_unicode_ci NOT NULL,
  `admin_id` int(11) NOT NULL DEFAULT '0',
  `user_id` int(11) NOT NULL DEFAULT '0',
  `add_date` datetime NOT NULL,
  PRIMARY KEY (`id`)
) ENGINE=InnoDB DEFAULT CHARSET=utf8 COLLATE=utf8_unicode_ci;
/*!40101 SET character_set_client = @saved_cs_client */;

--
-- Dumping data for table `shop_order_history`
--

LOCK TABLES `shop_order_history` WRITE;
/*!40000 ALTER TABLE `shop_order_history` DISABLE KEYS */;
/*!40000 ALTER TABLE `shop_order_history` ENABLE KEYS */;
UNLOCK TABLES;

--
-- Table structure for table `shop_order_status`
--

DROP TABLE IF EXISTS `shop_order_status`;
/*!40101 SET @saved_cs_client     = @@character_set_client */;
/*!40101 SET character_set_client = utf8 */;
CREATE TABLE `shop_order_status` (
  `id` int(11) NOT NULL AUTO_INCREMENT,
  `name` varchar(50) COLLATE utf8_unicode_ci NOT NULL,
  PRIMARY KEY (`id`)
) ENGINE=InnoDB AUTO_INCREMENT=6 DEFAULT CHARSET=utf8 COLLATE=utf8_unicode_ci;
/*!40101 SET character_set_client = @saved_cs_client */;

--
-- Dumping data for table `shop_order_status`
--

LOCK TABLES `shop_order_status` WRITE;
/*!40000 ALTER TABLE `shop_order_status` DISABLE KEYS */;
INSERT INTO `shop_order_status` VALUES (0,'New'),(1,'Processing'),(2,'Hold'),(3,'Canceled'),(4,'Done'),(5,'Failed');
/*!40000 ALTER TABLE `shop_order_status` ENABLE KEYS */;
UNLOCK TABLES;

--
-- Table structure for table `shop_order_total`
--

DROP TABLE IF EXISTS `shop_order_total`;
/*!40101 SET @saved_cs_client     = @@character_set_client */;
/*!40101 SET character_set_client = utf8 */;
CREATE TABLE `shop_order_total` (
  `id` int(11) NOT NULL AUTO_INCREMENT,
  `order_id` int(11) NOT NULL,
  `title` varchar(100) COLLATE utf8_unicode_ci DEFAULT NULL,
  `code` varchar(100) COLLATE utf8_unicode_ci DEFAULT NULL,
  `value` int(11) NOT NULL,
  `text` varchar(200) COLLATE utf8_unicode_ci DEFAULT NULL,
  `sort` int(11) NOT NULL DEFAULT '1',
  `created_at` timestamp NULL DEFAULT NULL,
  `updated_at` timestamp NULL DEFAULT NULL,
  PRIMARY KEY (`id`),
  UNIQUE KEY `order_id_code` (`order_id`,`code`)
) ENGINE=InnoDB DEFAULT CHARSET=utf8 COLLATE=utf8_unicode_ci;
/*!40101 SET character_set_client = @saved_cs_client */;

--
-- Dumping data for table `shop_order_total`
--

LOCK TABLES `shop_order_total` WRITE;
/*!40000 ALTER TABLE `shop_order_total` DISABLE KEYS */;
/*!40000 ALTER TABLE `shop_order_total` ENABLE KEYS */;
UNLOCK TABLES;

--
-- Table structure for table `shop_page`
--

DROP TABLE IF EXISTS `shop_page`;
/*!40101 SET @saved_cs_client     = @@character_set_client */;
/*!40101 SET character_set_client = utf8 */;
CREATE TABLE `shop_page` (
  `id` int(11) NOT NULL AUTO_INCREMENT,
  `image` varchar(200) COLLATE utf8_unicode_ci DEFAULT NULL,
  `uniquekey` varchar(100) COLLATE utf8_unicode_ci NOT NULL,
  `status` tinyint(3) unsigned NOT NULL DEFAULT '0',
  PRIMARY KEY (`id`),
  UNIQUE KEY `key` (`uniquekey`)
) ENGINE=InnoDB AUTO_INCREMENT=3 DEFAULT CHARSET=utf8 COLLATE=utf8_unicode_ci;
/*!40101 SET character_set_client = @saved_cs_client */;

--
-- Dumping data for table `shop_page`
--

LOCK TABLES `shop_page` WRITE;
/*!40000 ALTER TABLE `shop_page` DISABLE KEYS */;
INSERT INTO `shop_page` VALUES (1,'','about',1),(2,NULL,'contact',1);
/*!40000 ALTER TABLE `shop_page` ENABLE KEYS */;
UNLOCK TABLES;

--
-- Table structure for table `shop_page_description`
--

DROP TABLE IF EXISTS `shop_page_description`;
/*!40101 SET @saved_cs_client     = @@character_set_client */;
/*!40101 SET character_set_client = utf8 */;
CREATE TABLE `shop_page_description` (
  `page_id` int(11) NOT NULL,
  `lang_id` int(11) NOT NULL,
  `title` varchar(200) COLLATE utf8_unicode_ci DEFAULT NULL,
  `keyword` varchar(200) COLLATE utf8_unicode_ci DEFAULT NULL,
  `description` varchar(200) COLLATE utf8_unicode_ci DEFAULT NULL,
  `content` text COLLATE utf8_unicode_ci,
  UNIQUE KEY `cms_page_id_lang_id` (`page_id`,`lang_id`)
) ENGINE=InnoDB DEFAULT CHARSET=utf8 COLLATE=utf8_unicode_ci;
/*!40101 SET character_set_client = @saved_cs_client */;

--
-- Dumping data for table `shop_page_description`
--

LOCK TABLES `shop_page_description` WRITE;
/*!40000 ALTER TABLE `shop_page_description` DISABLE KEYS */;
INSERT INTO `shop_page_description` VALUES (1,1,'About',NULL,NULL,'<p>Lorem ipsum dolor sit amet, consectetur adipisicing elit, sed do eiusmod tempor incididunt ut labore et dolore magna aliqua.Lorem ipsum dolor sit amet, consectetur adipisicing elit, sed do eiusmod tempor incididunt ut labore et dolore magna aliqua.<img alt=\"\" src=\"/documents/photos/blogs/16d9_star_trek_tng_uniform_tee.jpeg\" style=\"width: 262px; height: 262px; float: right; margin: 10px;\" /></p>\r\n\r\n<p>Lorem ipsum dolor sit amet, consectetur adipisicing elit, sed do eiusmod tempor incididunt ut labore et dolore magna aliqua.Lorem ipsum dolor sit amet, consectetur adipisicing elit, sed do eiusmod tempor incididunt ut labore et dolore magna aliqua.</p>\r\n\r\n<p>Lorem ipsum dolor sit amet, consectetur adipisicing elit, sed do eiusmod tempor incididunt ut labore et dolore magna aliqua.Lorem ipsum dolor sit amet, consectetur adipisicing elit, sed do eiusmod tempor incididunt ut labore et dolore magna aliqua.</p>\r\n\r\n<p>Lorem ipsum dolor sit amet, consectetur adipisicing elit, sed do eiusmod tempor incididunt ut labore et dolore magna aliqua.Lorem ipsum dolor sit amet, consectetur adipisicing elit, sed do eiusmod tempor incididunt ut labore et dolore magna aliqua.</p>\r\n\r\n<p>&nbsp;</p>\r\n\r\n<p>&nbsp;</p>'),(1,2,'Gii thiu',NULL,NULL,'<p>Lorem ipsum dolor sit amet, consectetur adipisicing elit, sed do eiusmod tempor incididunt ut labore et dolore magna aliqua.Lorem ipsum dolor sit amet, consectetur adipisicing elit, sed do eiusmod tempor incididunt ut labore et dolore magna aliqua.<img alt=\"\" src=\"/documents/photos/blogs/16d9_star_trek_tng_uniform_tee.jpeg\" style=\"width: 262px; height: 262px; float: right; margin: 10px;\" /></p>\r\n\r\n<p>Lorem ipsum dolor sit amet, consectetur adipisicing elit, sed do eiusmod tempor incididunt ut labore et dolore magna aliqua.Lorem ipsum dolor sit amet, consectetur adipisicing elit, sed do eiusmod tempor incididunt ut labore et dolore magna aliqua.</p>\r\n\r\n<p>Lorem ipsum dolor sit amet, consectetur adipisicing elit, sed do eiusmod tempor incididunt ut labore et dolore magna aliqua.Lorem ipsum dolor sit amet, consectetur adipisicing elit, sed do eiusmod tempor incididunt ut labore et dolore magna aliqua.</p>\r\n\r\n<p>Lorem ipsum dolor sit amet, consectetur adipisicing elit, sed do eiusmod tempor incididunt ut labore et dolore magna aliqua.Lorem ipsum dolor sit amet, consectetur adipisicing elit, sed do eiusmod tempor incididunt ut labore et dolore magna aliqua.</p>\r\n\r\n<p>&nbsp;</p>\r\n\r\n<p>&nbsp;</p>'),(2,1,'Contact','',NULL,'Lorem ipsum dolor sit amet, consectetur adipisicing elit, sed do eiusmod tempor incididunt ut labore et dolore magna aliqua. <br>Lorem ipsum dolor sit amet, consectetur adipisicing elit, sed do eiusmod tempor incididunt ut labore et dolore magna aliqua.'),(2,2,'Lin h vi chng ti','',NULL,'Lorem ipsum dolor sit amet, consectetur adipisicing elit, sed do eiusmod tempor incididunt ut labore et dolore magna aliqua. <br>Lorem ipsum dolor sit amet, consectetur adipisicing elit, sed do eiusmod tempor incididunt ut labore et dolore magna aliqua.');
/*!40000 ALTER TABLE `shop_page_description` ENABLE KEYS */;
UNLOCK TABLES;

--
-- Table structure for table `shop_payment_status`
--

DROP TABLE IF EXISTS `shop_payment_status`;
/*!40101 SET @saved_cs_client     = @@character_set_client */;
/*!40101 SET character_set_client = utf8 */;
CREATE TABLE `shop_payment_status` (
  `id` int(11) NOT NULL AUTO_INCREMENT,
  `name` varchar(50) COLLATE utf8_unicode_ci NOT NULL,
  PRIMARY KEY (`id`)
) ENGINE=InnoDB AUTO_INCREMENT=4 DEFAULT CHARSET=utf8 COLLATE=utf8_unicode_ci;
/*!40101 SET character_set_client = @saved_cs_client */;

--
-- Dumping data for table `shop_payment_status`
--

LOCK TABLES `shop_payment_status` WRITE;
/*!40000 ALTER TABLE `shop_payment_status` DISABLE KEYS */;
INSERT INTO `shop_payment_status` VALUES (0,'Unpaid'),(1,'Partial payment'),(2,'Paid'),(3,'Refurn');
/*!40000 ALTER TABLE `shop_payment_status` ENABLE KEYS */;
UNLOCK TABLES;

--
-- Table structure for table `shop_product`
--

DROP TABLE IF EXISTS `shop_product`;
/*!40101 SET @saved_cs_client     = @@character_set_client */;
/*!40101 SET character_set_client = utf8 */;
CREATE TABLE `shop_product` (
  `id` int(10) unsigned NOT NULL AUTO_INCREMENT,
  `sku` varchar(20) COLLATE utf8_unicode_ci NOT NULL,
  `image` varchar(100) COLLATE utf8_unicode_ci DEFAULT NULL,
  `brand_id` int(10) unsigned DEFAULT '0',
  `vendor_id` int(10) unsigned DEFAULT '0',
  `category_id` int(10) unsigned NOT NULL DEFAULT '0',
  `category_other` varchar(50) COLLATE utf8_unicode_ci DEFAULT NULL,
  `price` int(11) NOT NULL,
  `cost` int(11) DEFAULT '0',
  `stock` int(11) NOT NULL DEFAULT '0',
  `sold` int(11) NOT NULL DEFAULT '0',
  `type` tinyint(4) NOT NULL DEFAULT '0' COMMENT '0-Nomal 1-New 2-Hot',
  `option` varchar(200) COLLATE utf8_unicode_ci DEFAULT NULL,
  `sort` tinyint(4) NOT NULL DEFAULT '0',
  `status` tinyint(4) NOT NULL DEFAULT '1' COMMENT '0- inactive 1-active ',
  `view` int(11) DEFAULT '0',
  `date_lastview` timestamp NULL DEFAULT NULL,
  `date_available` timestamp NULL DEFAULT NULL,
  `created_at` timestamp NULL DEFAULT NULL,
  `updated_at` timestamp NULL DEFAULT NULL,
  PRIMARY KEY (`id`),
  UNIQUE KEY `sku` (`sku`)
) ENGINE=InnoDB AUTO_INCREMENT=50 DEFAULT CHARSET=utf8 COLLATE=utf8_unicode_ci;
/*!40101 SET character_set_client = @saved_cs_client */;

--
-- Dumping data for table `shop_product`
--

LOCK TABLES `shop_product` WRITE;
/*!40000 ALTER TABLE `shop_product` DISABLE KEYS */;
INSERT INTO `shop_product` VALUES (3,'MEGA2560','product/f2d9505d28f1b10f949cec466cada01e.jpeg',1,0,7,NULL,220000,150000,100,0,0,NULL,0,1,111,'2019-02-28 03:06:10',NULL,'2018-01-15 07:57:31','2019-02-28 03:06:10'),(4,'LEDFAN1','product/95349d3747fdaf79d391fdc98e083701.jpg',1,0,6,NULL,190000,100000,99,1,1,NULL,0,1,85,'2019-03-01 02:19:04',NULL,'2018-01-16 06:03:54','2019-03-01 02:19:04'),(5,'CLOCKFAN1','product/15aa6b1f31b53a0177d7653761a45274.jpeg',2,0,13,NULL,420000,320000,100,0,1,NULL,0,1,115,'2019-03-01 10:14:13',NULL,'2018-01-16 06:04:41','2019-03-01 10:14:13'),(6,'CLOCKFAN2','product/0e1416d509af3712bd801404ca928702.jpeg',1,0,13,NULL,380000,250000,97,3,1,NULL,0,1,141,'2019-02-28 05:02:44',NULL,'2018-02-02 07:52:50','2019-02-28 05:02:44'),(7,'CLOCKFAN3','product/95349d3747fdaf79d391fdc98e083701.jpg',1,0,13,NULL,320000,250000,99,1,1,NULL,1,1,111,'2019-02-28 10:38:33',NULL,'2018-02-02 07:53:30','2019-02-28 10:38:33'),(8,'TMC2208','product/95349d3747fdaf79d391fdc98e083701.jpg',6,0,11,NULL,220000,130000,100,0,0,NULL,1,1,141,'2019-02-28 03:03:44',NULL,'2018-02-02 07:53:30','2019-02-28 03:03:44'),(9,'FILAMENT','product/95349d3747fdaf79d391fdc98e083701.jpg',1,0,15,NULL,299000,200000,99,1,1,NULL,1,1,162,'2019-03-01 02:31:04',NULL,'2018-02-02 07:53:30','2019-03-01 02:31:04'),(10,'A4988','product/820283598735f98a9b23960821da438b.jpeg',1,0,11,NULL,39000,20000,100,0,0,NULL,1,1,79,'2019-02-27 13:26:07',NULL,'2018-02-02 07:53:30','2019-02-27 13:26:07'),(11,'ANYCUBIC-P','product/d63af407fa92299e163696a585566dc7.jpeg',3,0,10,NULL,4990000,3500000,98,2,0,NULL,0,1,117,'2019-02-28 04:05:13',NULL,'2018-01-15 07:57:31','2019-02-28 04:06:45'),(12,'3DHLFD','product/95349d3747fdaf79d391fdc98e083701.jpg',1,0,12,NULL,7990000,5200000,100,0,1,NULL,0,1,107,'2019-02-28 22:58:21',NULL,'2018-01-15 07:57:31','2019-02-28 22:58:21'),(20,'SS495A','product/95349d3747fdaf79d391fdc98e083701.jpg',2,0,14,NULL,15000,7000,100,0,1,NULL,0,1,128,'2019-02-28 04:10:58',NULL,'2018-01-15 07:57:31','2019-02-28 04:10:58'),(21,'3D-CARBON1.75','product/d05966a529efdd8d7b41ed9b687859b6.jpeg',2,0,15,NULL,390000,15000,100,0,1,NULL,1,1,120,'2019-03-01 07:26:32',NULL,'2018-02-02 07:53:30','2019-03-01 07:26:32'),(22,'3D-GOLD1.75','product/eedfd153bf368919a134da17f22c8de7.jpeg',2,0,15,NULL,500000,15000,99,1,1,NULL,1,1,157,'2019-03-01 07:28:51',NULL,'2018-04-12 08:05:37','2019-03-01 07:28:51'),(23,'LCD12864-3D','product/a7a315526ecf7594731448d792714a11.jpeg',2,0,11,NULL,220000,15000,100,0,0,NULL,0,1,64,'2019-02-27 13:26:11',NULL,'2018-08-11 06:33:37','2019-02-27 13:26:11'),(24,'LCD2004-3D','product/9215506044b8a350fc082f5350b3653a.jpg',2,0,11,NULL,190000,15000,100,0,0,NULL,0,1,84,'2019-02-20 07:06:19',NULL,'2018-08-11 06:39:31','2019-02-20 07:06:19'),(25,'RAMPS1.5-3D','product/1d6cdd4473603c7a4d162067713b8da8.jpg',2,0,11,NULL,120000,15000,100,0,0,NULL,0,1,87,'2019-02-20 07:06:23',NULL,'2018-08-11 06:41:25','2019-02-20 07:06:23'),(26,'EFULL-3D','product/07e79f6546499878cba383dd5bfe977e.jpeg',1,0,11,NULL,890000,15000,100,0,0,NULL,0,1,58,'2019-02-27 13:26:04',NULL,'2018-08-11 06:50:25','2019-02-27 13:26:04'),(27,'ANYCUBIC-I3M','product/ea88b7078652909f3d6c5d445aa05f59.jpeg',1,0,10,NULL,7990000,15000,100,0,0,NULL,0,1,132,'2019-02-27 13:26:00',NULL,'2018-08-22 09:26:00','2019-02-27 13:26:00'),(28,'3DNOZZLE','product/c25c81c852823f5ea8ba4250978217a5.jpeg',1,0,11,NULL,10000,15000,100,0,0,NULL,0,1,66,'2019-02-27 13:26:12',NULL,'2018-08-23 21:21:48','2019-02-27 13:26:12'),(29,'3D-TEFLONLOCK','product/8e28f51184f0a96970c05185b1412fa1.jpeg',1,0,12,NULL,10000,15000,99,1,0,NULL,0,1,99,'2019-02-27 13:26:14',NULL,'2018-08-23 21:32:48','2019-02-27 13:26:14'),(30,'3D-BELT-GT2','product/8f795b2335d42cdb7c7eafcfaf714cb2.jpeg',1,0,11,NULL,20000,15000,100,0,1,NULL,0,1,115,'2019-02-24 02:23:31',NULL,'2018-08-23 21:35:39','2019-02-24 02:23:31'),(31,'3D-TEFLONLOCK-M10','product/0e1416d509af3712bd801404ca928702.jpeg',2,0,11,NULL,10000,15000,100,0,0,NULL,0,1,73,'2019-02-24 00:21:19',NULL,'2018-08-23 21:39:03','2019-02-24 00:21:19'),(32,'3D-HOTWIRE1240','product/efd9fb910ba539c125b7c431a1ccc563.jpg',0,0,11,NULL,20000,15000,99,1,1,NULL,0,1,137,'2019-03-01 13:31:35',NULL,'2018-08-23 21:40:54','2019-03-01 13:31:35'),(33,'3D-TEFTLON-24','product/a635cc2bdf5485ccb2c0cc9d186968b2.jpeg',2,0,16,NULL,15000,15000,100,0,0,NULL,1,1,104,'2019-02-27 13:26:07',NULL,'2018-08-23 21:44:04','2019-02-27 13:26:07'),(34,'3D-TEFTLON-W24','product/a32f12e009ebf0d24ab264706ecbc15e.jpeg',5,0,11,NULL,20000,15000,100,0,1,NULL,0,1,152,'2019-03-01 02:26:12',NULL,'2018-08-23 22:09:34','2019-03-01 02:26:12'),(35,'3D-SENSOR-NTC 100K','product/41c8f0d0111cd5a3f0538604233cbed8.jpeg',4,0,10,NULL,15000,15000,100,0,1,NULL,0,1,171,'2019-03-01 03:19:33',NULL,'2018-08-23 22:13:58','2019-03-01 03:19:33'),(36,'nRLF24L01+2.4HZ','product/820283598735f98a9b23960821da438b.jpeg',3,0,11,NULL,25000,15000,100,0,0,NULL,0,1,114,'2019-03-01 03:19:50',NULL,'2018-08-23 23:07:15','2019-03-01 03:19:50'),(37,'ARDUINO-NANO','product/da687e60e54bd7fc7eab5c76e7ec3754.jpeg',1,0,17,NULL,100000,15000,99,1,0,NULL,0,1,142,'2019-02-26 14:40:35',NULL,'2018-08-23 23:25:48','2019-02-26 14:40:35'),(38,'LEDSTRIP-5050RGB','product/61559578baf403e03565e73a14f845ce.jpeg',1,0,9,NULL,15000,15000,98,2,1,NULL,0,1,170,'2019-03-01 07:03:27',NULL,'2018-08-23 23:33:31','2019-03-01 07:03:27'),(39,'LEDSTRIP-S','product/c400aecd5c6d87782ac9af33dd7a5980.jpg',4,0,19,NULL,15000,15000,100,0,0,NULL,0,1,72,'2019-02-27 13:26:09',NULL,'2018-08-24 01:46:21','2019-02-27 13:26:09'),(40,'P10-IR','product/830d640cd17eba0bf186dc649d5c3053.jpeg',0,0,19,NULL,15000,15000,100,0,0,NULL,0,1,66,'2019-02-27 13:26:15',NULL,'2018-08-24 01:49:49','2019-02-27 13:26:15'),(41,'P10-IG','product/9d9aab8be8634708c9cf5b690fee74a4.jpeg',0,0,19,NULL,15000,15000,99,1,1,NULL,0,1,92,'2019-03-01 13:12:00',NULL,'2018-08-24 01:51:11','2019-03-01 13:12:00'),(42,'P10-IB','product/98fafb9da683cd9ee854598f3f3a3bd5.jpeg',0,0,19,NULL,15000,15000,100,0,0,NULL,0,1,75,'2019-03-01 04:25:01',NULL,'2018-08-24 01:52:58','2019-03-01 04:25:01'),(43,'P10-IRGB','product/a111c060ebb6ffbbd2d34ae278501789.jpg',0,0,19,NULL,15000,15000,100,0,0,NULL,0,1,92,'2019-02-28 01:48:32',NULL,'2018-08-24 01:54:45','2019-02-28 01:48:32'),(44,'P10-IRG','product/95349d3747fdaf79d391fdc98e083701.jpg',0,0,19,NULL,15000,15000,100,0,1,NULL,0,1,124,'2019-02-28 14:19:35',NULL,'2018-08-24 01:56:02','2019-02-28 14:19:35'),(45,'LFF','product/3c8f613d30b4e487ef95a5e4cdea634c.jpeg',0,0,6,NULL,15000,15000,95,5,0,NULL,0,1,202,'2019-03-01 03:19:41',NULL,'2018-08-24 01:58:42','2019-03-01 03:19:41'),(46,'P2.5-I','product/949fa36ebd56593445fb61d141fd2a81.jpeg',2,0,19,NULL,15000,15000,96,4,0,NULL,0,1,178,'2019-03-01 04:56:16',NULL,'2018-08-24 02:23:07','2019-03-01 04:56:16'),(47,'BX-5U0','product/cd7aa3394c35330ed7f9e4095c6adb65.jpeg',0,0,19,NULL,15000,15000,95,5,0,NULL,0,1,225,'2019-02-28 14:19:29',NULL,'2018-08-24 02:48:31','2019-02-28 14:19:29'),(48,'BX-5UT','product/6ddd855403d127a9fed049d0ec335481.jpeg',0,0,11,NULL,15000,15000,84,16,0,NULL,0,1,457,'2019-03-01 07:19:39',NULL,'2018-08-24 02:52:15','2019-03-01 07:19:39'),(49,'BX-5UTbnv','product/0950df6d59696ad39a8e5505735f578c.jpeg',2,0,2,NULL,15000,15000,78,22,1,NULL,0,1,457,'2019-03-01 13:44:11','2019-03-29 17:00:00','2018-09-03 01:05:59','2019-03-01 13:44:11');
/*!40000 ALTER TABLE `shop_product` ENABLE KEYS */;
UNLOCK TABLES;

--
-- Table structure for table `shop_product_description`
--

DROP TABLE IF EXISTS `shop_product_description`;
/*!40101 SET @saved_cs_client     = @@character_set_client */;
/*!40101 SET character_set_client = utf8 */;
CREATE TABLE `shop_product_description` (
  `product_id` int(11) NOT NULL,
  `lang_id` int(11) NOT NULL,
  `name` varchar(200) COLLATE utf8_unicode_ci DEFAULT NULL,
  `description` varchar(200) COLLATE utf8_unicode_ci DEFAULT NULL,
  `keyword` varchar(200) COLLATE utf8_unicode_ci DEFAULT NULL,
  `content` text COLLATE utf8_unicode_ci,
  UNIQUE KEY `product_id_lang_id` (`product_id`,`lang_id`)
) ENGINE=InnoDB DEFAULT CHARSET=utf8 COLLATE=utf8_unicode_ci;
/*!40101 SET character_set_client = @saved_cs_client */;

--
-- Dumping data for table `shop_product_description`
--

LOCK TABLES `shop_product_description` WRITE;
/*!40000 ALTER TABLE `shop_product_description` DISABLE KEYS */;
INSERT INTO `shop_product_description` VALUES (3,1,'Easy Polo Black Edition','Lorem ipsum dolor sit amet, consectetur adipisicing elit, sed do eiusmod tempor incididunt ut labore et dolore magna aliqua.',NULL,'<p>Lorem ipsum dolor sit amet, consectetur adipisicing elit, sed do eiusmod tempor incididunt ut labore et dolore magna aliqua.Lorem ipsum dolor sit amet, consectetur adipisicing elit, sed do eiusmod tempor incididunt ut labore et dolore magna aliqua.<img alt=\"\" src=\"/documents/photos/blogs/16d9_star_trek_tng_uniform_tee.jpeg\" style=\"width: 262px; height: 262px; float: right; margin: 10px;\" /></p>\r\n\r\n<p>Lorem ipsum dolor sit amet, consectetur adipisicing elit, sed do eiusmod tempor incididunt ut labore et dolore magna aliqua.Lorem ipsum dolor sit amet, consectetur adipisicing elit, sed do eiusmod tempor incididunt ut labore et dolore magna aliqua.</p>\r\n\r\n<p>Lorem ipsum dolor sit amet, consectetur adipisicing elit, sed do eiusmod tempor incididunt ut labore et dolore magna aliqua.Lorem ipsum dolor sit amet, consectetur adipisicing elit, sed do eiusmod tempor incididunt ut labore et dolore magna aliqua.</p>\r\n\r\n<p>Lorem ipsum dolor sit amet, consectetur adipisicing elit, sed do eiusmod tempor incididunt ut labore et dolore magna aliqua.Lorem ipsum dolor sit amet, consectetur adipisicing elit, sed do eiusmod tempor incididunt ut labore et dolore magna aliqua.</p>\r\n\r\n<p>&nbsp;</p>\r\n\r\n<p>&nbsp;</p>'),(3,2,'Easy Polo Black Edition','Lorem ipsum dolor sit amet, consectetur adipisicing elit, sed do eiusmod tempor incididunt ut labore et dolore magna aliqua.',NULL,'<p>Lorem ipsum dolor sit amet, consectetur adipisicing elit, sed do eiusmod tempor incididunt ut labore et dolore magna aliqua.Lorem ipsum dolor sit amet, consectetur adipisicing elit, sed do eiusmod tempor incididunt ut labore et dolore magna aliqua.<img alt=\"\" src=\"/documents/photos/blogs/16d9_star_trek_tng_uniform_tee.jpeg\" style=\"width: 262px; height: 262px; float: right; margin: 10px;\" /></p>\r\n\r\n<p>Lorem ipsum dolor sit amet, consectetur adipisicing elit, sed do eiusmod tempor incididunt ut labore et dolore magna aliqua.Lorem ipsum dolor sit amet, consectetur adipisicing elit, sed do eiusmod tempor incididunt ut labore et dolore magna aliqua.</p>\r\n\r\n<p>Lorem ipsum dolor sit amet, consectetur adipisicing elit, sed do eiusmod tempor incididunt ut labore et dolore magna aliqua.Lorem ipsum dolor sit amet, consectetur adipisicing elit, sed do eiusmod tempor incididunt ut labore et dolore magna aliqua.</p>\r\n\r\n<p>Lorem ipsum dolor sit amet, consectetur adipisicing elit, sed do eiusmod tempor incididunt ut labore et dolore magna aliqua.Lorem ipsum dolor sit amet, consectetur adipisicing elit, sed do eiusmod tempor incididunt ut labore et dolore magna aliqua.</p>\r\n\r\n<p>&nbsp;</p>\r\n\r\n<p>&nbsp;</p>'),(4,1,'Easy Polo Black Edition','Lorem ipsum dolor sit amet, consectetur adipisicing elit, sed do eiusmod tempor incididunt ut labore et dolore magna aliqua.','','<p>Lorem ipsum dolor sit amet, consectetur adipisicing elit, sed do eiusmod tempor incididunt ut labore et dolore magna aliqua.Lorem ipsum dolor sit amet, consectetur adipisicing elit, sed do eiusmod tempor incididunt ut labore et dolore magna aliqua.<img alt=\"\" src=\"/documents/photos/blogs/16d9_star_trek_tng_uniform_tee.jpeg\" style=\"width: 262px; height: 262px; float: right; margin: 10px;\" /></p>\r\n\r\n<p>Lorem ipsum dolor sit amet, consectetur adipisicing elit, sed do eiusmod tempor incididunt ut labore et dolore magna aliqua.Lorem ipsum dolor sit amet, consectetur adipisicing elit, sed do eiusmod tempor incididunt ut labore et dolore magna aliqua.</p>\r\n\r\n<p>Lorem ipsum dolor sit amet, consectetur adipisicing elit, sed do eiusmod tempor incididunt ut labore et dolore magna aliqua.Lorem ipsum dolor sit amet, consectetur adipisicing elit, sed do eiusmod tempor incididunt ut labore et dolore magna aliqua.</p>\r\n\r\n<p>Lorem ipsum dolor sit amet, consectetur adipisicing elit, sed do eiusmod tempor incididunt ut labore et dolore magna aliqua.Lorem ipsum dolor sit amet, consectetur adipisicing elit, sed do eiusmod tempor incididunt ut labore et dolore magna aliqua.</p>\r\n\r\n<p>&nbsp;</p>\r\n\r\n<p>&nbsp;</p>'),(4,2,'Easy Polo Black Edition','Lorem ipsum dolor sit amet, consectetur adipisicing elit, sed do eiusmod tempor incididunt ut labore et dolore magna aliqua.','','<p>Lorem ipsum dolor sit amet, consectetur adipisicing elit, sed do eiusmod tempor incididunt ut labore et dolore magna aliqua.Lorem ipsum dolor sit amet, consectetur adipisicing elit, sed do eiusmod tempor incididunt ut labore et dolore magna aliqua.<img alt=\"\" src=\"/documents/photos/blogs/16d9_star_trek_tng_uniform_tee.jpeg\" style=\"width: 262px; height: 262px; float: right; margin: 10px;\" /></p>\r\n\r\n<p>Lorem ipsum dolor sit amet, consectetur adipisicing elit, sed do eiusmod tempor incididunt ut labore et dolore magna aliqua.Lorem ipsum dolor sit amet, consectetur adipisicing elit, sed do eiusmod tempor incididunt ut labore et dolore magna aliqua.</p>\r\n\r\n<p>Lorem ipsum dolor sit amet, consectetur adipisicing elit, sed do eiusmod tempor incididunt ut labore et dolore magna aliqua.Lorem ipsum dolor sit amet, consectetur adipisicing elit, sed do eiusmod tempor incididunt ut labore et dolore magna aliqua.</p>\r\n\r\n<p>Lorem ipsum dolor sit amet, consectetur adipisicing elit, sed do eiusmod tempor incididunt ut labore et dolore magna aliqua.Lorem ipsum dolor sit amet, consectetur adipisicing elit, sed do eiusmod tempor incididunt ut labore et dolore magna aliqua.</p>\r\n\r\n<p>&nbsp;</p>\r\n\r\n<p>&nbsp;</p>'),(5,1,'Easy Polo Black Edition','Lorem ipsum dolor sit amet, consectetur adipisicing elit, sed do eiusmod tempor incididunt ut labore et dolore magna aliqua.',NULL,'<p>Lorem ipsum dolor sit amet, consectetur adipisicing elit, sed do eiusmod tempor incididunt ut labore et dolore magna aliqua.Lorem ipsum dolor sit amet, consectetur adipisicing elit, sed do eiusmod tempor incididunt ut labore et dolore magna aliqua.<img alt=\"\" src=\"/documents/photos/blogs/16d9_star_trek_tng_uniform_tee.jpeg\" style=\"width: 262px; height: 262px; float: right; margin: 10px;\" /></p>\r\n\r\n<p>Lorem ipsum dolor sit amet, consectetur adipisicing elit, sed do eiusmod tempor incididunt ut labore et dolore magna aliqua.Lorem ipsum dolor sit amet, consectetur adipisicing elit, sed do eiusmod tempor incididunt ut labore et dolore magna aliqua.</p>\r\n\r\n<p>Lorem ipsum dolor sit amet, consectetur adipisicing elit, sed do eiusmod tempor incididunt ut labore et dolore magna aliqua.Lorem ipsum dolor sit amet, consectetur adipisicing elit, sed do eiusmod tempor incididunt ut labore et dolore magna aliqua.</p>\r\n\r\n<p>Lorem ipsum dolor sit amet, consectetur adipisicing elit, sed do eiusmod tempor incididunt ut labore et dolore magna aliqua.Lorem ipsum dolor sit amet, consectetur adipisicing elit, sed do eiusmod tempor incididunt ut labore et dolore magna aliqua.</p>\r\n\r\n<p>&nbsp;</p>\r\n\r\n<p>&nbsp;</p>'),(5,2,'Easy Polo Black Edition','Lorem ipsum dolor sit amet, consectetur adipisicing elit, sed do eiusmod tempor incididunt ut labore et dolore magna aliqua.',NULL,'<p>Lorem ipsum dolor sit amet, consectetur adipisicing elit, sed do eiusmod tempor incididunt ut labore et dolore magna aliqua.Lorem ipsum dolor sit amet, consectetur adipisicing elit, sed do eiusmod tempor incididunt ut labore et dolore magna aliqua.<img alt=\"\" src=\"/documents/photos/blogs/16d9_star_trek_tng_uniform_tee.jpeg\" style=\"width: 262px; height: 262px; float: right; margin: 10px;\" /></p>\r\n\r\n<p>Lorem ipsum dolor sit amet, consectetur adipisicing elit, sed do eiusmod tempor incididunt ut labore et dolore magna aliqua.Lorem ipsum dolor sit amet, consectetur adipisicing elit, sed do eiusmod tempor incididunt ut labore et dolore magna aliqua.</p>\r\n\r\n<p>Lorem ipsum dolor sit amet, consectetur adipisicing elit, sed do eiusmod tempor incididunt ut labore et dolore magna aliqua.Lorem ipsum dolor sit amet, consectetur adipisicing elit, sed do eiusmod tempor incididunt ut labore et dolore magna aliqua.</p>\r\n\r\n<p>Lorem ipsum dolor sit amet, consectetur adipisicing elit, sed do eiusmod tempor incididunt ut labore et dolore magna aliqua.Lorem ipsum dolor sit amet, consectetur adipisicing elit, sed do eiusmod tempor incididunt ut labore et dolore magna aliqua.</p>\r\n\r\n<p>&nbsp;</p>\r\n\r\n<p>&nbsp;</p>'),(6,1,'Easy Polo Black Edition','Lorem ipsum dolor sit amet, consectetur adipisicing elit, sed do eiusmod tempor incididunt ut labore et dolore magna aliqua.','','<p>Lorem ipsum dolor sit amet, consectetur adipisicing elit, sed do eiusmod tempor incididunt ut labore et dolore magna aliqua.Lorem ipsum dolor sit amet, consectetur adipisicing elit, sed do eiusmod tempor incididunt ut labore et dolore magna aliqua.<img alt=\"\" src=\"/documents/photos/blogs/16d9_star_trek_tng_uniform_tee.jpeg\" style=\"width: 262px; height: 262px; float: right; margin: 10px;\" /></p>\r\n\r\n<p>Lorem ipsum dolor sit amet, consectetur adipisicing elit, sed do eiusmod tempor incididunt ut labore et dolore magna aliqua.Lorem ipsum dolor sit amet, consectetur adipisicing elit, sed do eiusmod tempor incididunt ut labore et dolore magna aliqua.</p>\r\n\r\n<p>Lorem ipsum dolor sit amet, consectetur adipisicing elit, sed do eiusmod tempor incididunt ut labore et dolore magna aliqua.Lorem ipsum dolor sit amet, consectetur adipisicing elit, sed do eiusmod tempor incididunt ut labore et dolore magna aliqua.</p>\r\n\r\n<p>Lorem ipsum dolor sit amet, consectetur adipisicing elit, sed do eiusmod tempor incididunt ut labore et dolore magna aliqua.Lorem ipsum dolor sit amet, consectetur adipisicing elit, sed do eiusmod tempor incididunt ut labore et dolore magna aliqua.</p>\r\n\r\n<p>&nbsp;</p>\r\n\r\n<p>&nbsp;</p>'),(6,2,'Easy Polo Black Edition','Lorem ipsum dolor sit amet, consectetur adipisicing elit, sed do eiusmod tempor incididunt ut labore et dolore magna aliqua.','','<p>Lorem ipsum dolor sit amet, consectetur adipisicing elit, sed do eiusmod tempor incididunt ut labore et dolore magna aliqua.Lorem ipsum dolor sit amet, consectetur adipisicing elit, sed do eiusmod tempor incididunt ut labore et dolore magna aliqua.<img alt=\"\" src=\"/documents/photos/blogs/16d9_star_trek_tng_uniform_tee.jpeg\" style=\"width: 262px; height: 262px; float: right; margin: 10px;\" /></p>\r\n\r\n<p>Lorem ipsum dolor sit amet, consectetur adipisicing elit, sed do eiusmod tempor incididunt ut labore et dolore magna aliqua.Lorem ipsum dolor sit amet, consectetur adipisicing elit, sed do eiusmod tempor incididunt ut labore et dolore magna aliqua.</p>\r\n\r\n<p>Lorem ipsum dolor sit amet, consectetur adipisicing elit, sed do eiusmod tempor incididunt ut labore et dolore magna aliqua.Lorem ipsum dolor sit amet, consectetur adipisicing elit, sed do eiusmod tempor incididunt ut labore et dolore magna aliqua.</p>\r\n\r\n<p>Lorem ipsum dolor sit amet, consectetur adipisicing elit, sed do eiusmod tempor incididunt ut labore et dolore magna aliqua.Lorem ipsum dolor sit amet, consectetur adipisicing elit, sed do eiusmod tempor incididunt ut labore et dolore magna aliqua.</p>\r\n\r\n<p>&nbsp;</p>\r\n\r\n<p>&nbsp;</p>'),(7,1,'Easy Polo Black Edition','Lorem ipsum dolor sit amet, consectetur adipisicing elit, sed do eiusmod tempor incididunt ut labore et dolore magna aliqua.','','<p>Lorem ipsum dolor sit amet, consectetur adipisicing elit, sed do eiusmod tempor incididunt ut labore et dolore magna aliqua.Lorem ipsum dolor sit amet, consectetur adipisicing elit, sed do eiusmod tempor incididunt ut labore et dolore magna aliqua.<img alt=\"\" src=\"/documents/photos/blogs/16d9_star_trek_tng_uniform_tee.jpeg\" style=\"width: 262px; height: 262px; float: right; margin: 10px;\" /></p>\r\n\r\n<p>Lorem ipsum dolor sit amet, consectetur adipisicing elit, sed do eiusmod tempor incididunt ut labore et dolore magna aliqua.Lorem ipsum dolor sit amet, consectetur adipisicing elit, sed do eiusmod tempor incididunt ut labore et dolore magna aliqua.</p>\r\n\r\n<p>Lorem ipsum dolor sit amet, consectetur adipisicing elit, sed do eiusmod tempor incididunt ut labore et dolore magna aliqua.Lorem ipsum dolor sit amet, consectetur adipisicing elit, sed do eiusmod tempor incididunt ut labore et dolore magna aliqua.</p>\r\n\r\n<p>Lorem ipsum dolor sit amet, consectetur adipisicing elit, sed do eiusmod tempor incididunt ut labore et dolore magna aliqua.Lorem ipsum dolor sit amet, consectetur adipisicing elit, sed do eiusmod tempor incididunt ut labore et dolore magna aliqua.</p>\r\n\r\n<p>&nbsp;</p>\r\n\r\n<p>&nbsp;</p>'),(7,2,'Easy Polo Black Edition','Lorem ipsum dolor sit amet, consectetur adipisicing elit, sed do eiusmod tempor incididunt ut labore et dolore magna aliqua.','','<p>Lorem ipsum dolor sit amet, consectetur adipisicing elit, sed do eiusmod tempor incididunt ut labore et dolore magna aliqua.Lorem ipsum dolor sit amet, consectetur adipisicing elit, sed do eiusmod tempor incididunt ut labore et dolore magna aliqua.<img alt=\"\" src=\"/documents/photos/blogs/16d9_star_trek_tng_uniform_tee.jpeg\" style=\"width: 262px; height: 262px; float: right; margin: 10px;\" /></p>\r\n\r\n<p>Lorem ipsum dolor sit amet, consectetur adipisicing elit, sed do eiusmod tempor incididunt ut labore et dolore magna aliqua.Lorem ipsum dolor sit amet, consectetur adipisicing elit, sed do eiusmod tempor incididunt ut labore et dolore magna aliqua.</p>\r\n\r\n<p>Lorem ipsum dolor sit amet, consectetur adipisicing elit, sed do eiusmod tempor incididunt ut labore et dolore magna aliqua.Lorem ipsum dolor sit amet, consectetur adipisicing elit, sed do eiusmod tempor incididunt ut labore et dolore magna aliqua.</p>\r\n\r\n<p>Lorem ipsum dolor sit amet, consectetur adipisicing elit, sed do eiusmod tempor incididunt ut labore et dolore magna aliqua.Lorem ipsum dolor sit amet, consectetur adipisicing elit, sed do eiusmod tempor incididunt ut labore et dolore magna aliqua.</p>\r\n\r\n<p>&nbsp;</p>\r\n\r\n<p>&nbsp;</p>'),(8,1,'Easy Polo Black Edition','Lorem ipsum dolor sit amet, consectetur adipisicing elit, sed do eiusmod tempor incididunt ut labore et dolore magna aliqua.','','<p>Lorem ipsum dolor sit amet, consectetur adipisicing elit, sed do eiusmod tempor incididunt ut labore et dolore magna aliqua.Lorem ipsum dolor sit amet, consectetur adipisicing elit, sed do eiusmod tempor incididunt ut labore et dolore magna aliqua.<img alt=\"\" src=\"/documents/photos/blogs/16d9_star_trek_tng_uniform_tee.jpeg\" style=\"width: 262px; height: 262px; float: right; margin: 10px;\" /></p>\r\n\r\n<p>Lorem ipsum dolor sit amet, consectetur adipisicing elit, sed do eiusmod tempor incididunt ut labore et dolore magna aliqua.Lorem ipsum dolor sit amet, consectetur adipisicing elit, sed do eiusmod tempor incididunt ut labore et dolore magna aliqua.</p>\r\n\r\n<p>Lorem ipsum dolor sit amet, consectetur adipisicing elit, sed do eiusmod tempor incididunt ut labore et dolore magna aliqua.Lorem ipsum dolor sit amet, consectetur adipisicing elit, sed do eiusmod tempor incididunt ut labore et dolore magna aliqua.</p>\r\n\r\n<p>Lorem ipsum dolor sit amet, consectetur adipisicing elit, sed do eiusmod tempor incididunt ut labore et dolore magna aliqua.Lorem ipsum dolor sit amet, consectetur adipisicing elit, sed do eiusmod tempor incididunt ut labore et dolore magna aliqua.</p>\r\n\r\n<p>&nbsp;</p>\r\n\r\n<p>&nbsp;</p>'),(8,2,'Easy Polo Black Edition','Lorem ipsum dolor sit amet, consectetur adipisicing elit, sed do eiusmod tempor incididunt ut labore et dolore magna aliqua.','','<p>Lorem ipsum dolor sit amet, consectetur adipisicing elit, sed do eiusmod tempor incididunt ut labore et dolore magna aliqua.Lorem ipsum dolor sit amet, consectetur adipisicing elit, sed do eiusmod tempor incididunt ut labore et dolore magna aliqua.<img alt=\"\" src=\"/documents/photos/blogs/16d9_star_trek_tng_uniform_tee.jpeg\" style=\"width: 262px; height: 262px; float: right; margin: 10px;\" /></p>\r\n\r\n<p>Lorem ipsum dolor sit amet, consectetur adipisicing elit, sed do eiusmod tempor incididunt ut labore et dolore magna aliqua.Lorem ipsum dolor sit amet, consectetur adipisicing elit, sed do eiusmod tempor incididunt ut labore et dolore magna aliqua.</p>\r\n\r\n<p>Lorem ipsum dolor sit amet, consectetur adipisicing elit, sed do eiusmod tempor incididunt ut labore et dolore magna aliqua.Lorem ipsum dolor sit amet, consectetur adipisicing elit, sed do eiusmod tempor incididunt ut labore et dolore magna aliqua.</p>\r\n\r\n<p>Lorem ipsum dolor sit amet, consectetur adipisicing elit, sed do eiusmod tempor incididunt ut labore et dolore magna aliqua.Lorem ipsum dolor sit amet, consectetur adipisicing elit, sed do eiusmod tempor incididunt ut labore et dolore magna aliqua.</p>\r\n\r\n<p>&nbsp;</p>\r\n\r\n<p>&nbsp;</p>'),(9,1,'Easy Polo Black Edition','Lorem ipsum dolor sit amet, consectetur adipisicing elit, sed do eiusmod tempor incididunt ut labore et dolore magna aliqua.',NULL,'<p>Lorem ipsum dolor sit amet, consectetur adipisicing elit, sed do eiusmod tempor incididunt ut labore et dolore magna aliqua.Lorem ipsum dolor sit amet, consectetur adipisicing elit, sed do eiusmod tempor incididunt ut labore et dolore magna aliqua.<img alt=\"\" src=\"/documents/photos/blogs/16d9_star_trek_tng_uniform_tee.jpeg\" style=\"width: 262px; height: 262px; float: right; margin: 10px;\" /></p>\r\n\r\n<p>Lorem ipsum dolor sit amet, consectetur adipisicing elit, sed do eiusmod tempor incididunt ut labore et dolore magna aliqua.Lorem ipsum dolor sit amet, consectetur adipisicing elit, sed do eiusmod tempor incididunt ut labore et dolore magna aliqua.</p>\r\n\r\n<p>Lorem ipsum dolor sit amet, consectetur adipisicing elit, sed do eiusmod tempor incididunt ut labore et dolore magna aliqua.Lorem ipsum dolor sit amet, consectetur adipisicing elit, sed do eiusmod tempor incididunt ut labore et dolore magna aliqua.</p>\r\n\r\n<p>Lorem ipsum dolor sit amet, consectetur adipisicing elit, sed do eiusmod tempor incididunt ut labore et dolore magna aliqua.Lorem ipsum dolor sit amet, consectetur adipisicing elit, sed do eiusmod tempor incididunt ut labore et dolore magna aliqua.</p>\r\n\r\n<p>&nbsp;</p>\r\n\r\n<p>&nbsp;</p>'),(9,2,'Easy Polo Black Edition','Lorem ipsum dolor sit amet, consectetur adipisicing elit, sed do eiusmod tempor incididunt ut labore et dolore magna aliqua.',NULL,'<p>Lorem ipsum dolor sit amet, consectetur adipisicing elit, sed do eiusmod tempor incididunt ut labore et dolore magna aliqua.Lorem ipsum dolor sit amet, consectetur adipisicing elit, sed do eiusmod tempor incididunt ut labore et dolore magna aliqua.<img alt=\"\" src=\"/documents/photos/blogs/16d9_star_trek_tng_uniform_tee.jpeg\" style=\"width: 262px; height: 262px; float: right; margin: 10px;\" /></p>\r\n\r\n<p>Lorem ipsum dolor sit amet, consectetur adipisicing elit, sed do eiusmod tempor incididunt ut labore et dolore magna aliqua.Lorem ipsum dolor sit amet, consectetur adipisicing elit, sed do eiusmod tempor incididunt ut labore et dolore magna aliqua.</p>\r\n\r\n<p>Lorem ipsum dolor sit amet, consectetur adipisicing elit, sed do eiusmod tempor incididunt ut labore et dolore magna aliqua.Lorem ipsum dolor sit amet, consectetur adipisicing elit, sed do eiusmod tempor incididunt ut labore et dolore magna aliqua.</p>\r\n\r\n<p>Lorem ipsum dolor sit amet, consectetur adipisicing elit, sed do eiusmod tempor incididunt ut labore et dolore magna aliqua.Lorem ipsum dolor sit amet, consectetur adipisicing elit, sed do eiusmod tempor incididunt ut labore et dolore magna aliqua.</p>\r\n\r\n<p>&nbsp;</p>\r\n\r\n<p>&nbsp;</p>'),(10,1,'Easy Polo Black Edition','Lorem ipsum dolor sit amet, consectetur adipisicing elit, sed do eiusmod tempor incididunt ut labore et dolore magna aliqua.','','<p>Lorem ipsum dolor sit amet, consectetur adipisicing elit, sed do eiusmod tempor incididunt ut labore et dolore magna aliqua.Lorem ipsum dolor sit amet, consectetur adipisicing elit, sed do eiusmod tempor incididunt ut labore et dolore magna aliqua.<img alt=\"\" src=\"/documents/photos/blogs/16d9_star_trek_tng_uniform_tee.jpeg\" style=\"width: 262px; height: 262px; float: right; margin: 10px;\" /></p>\r\n\r\n<p>Lorem ipsum dolor sit amet, consectetur adipisicing elit, sed do eiusmod tempor incididunt ut labore et dolore magna aliqua.Lorem ipsum dolor sit amet, consectetur adipisicing elit, sed do eiusmod tempor incididunt ut labore et dolore magna aliqua.</p>\r\n\r\n<p>Lorem ipsum dolor sit amet, consectetur adipisicing elit, sed do eiusmod tempor incididunt ut labore et dolore magna aliqua.Lorem ipsum dolor sit amet, consectetur adipisicing elit, sed do eiusmod tempor incididunt ut labore et dolore magna aliqua.</p>\r\n\r\n<p>Lorem ipsum dolor sit amet, consectetur adipisicing elit, sed do eiusmod tempor incididunt ut labore et dolore magna aliqua.Lorem ipsum dolor sit amet, consectetur adipisicing elit, sed do eiusmod tempor incididunt ut labore et dolore magna aliqua.</p>\r\n\r\n<p>&nbsp;</p>\r\n\r\n<p>&nbsp;</p>'),(10,2,'Easy Polo Black Edition','Lorem ipsum dolor sit amet, consectetur adipisicing elit, sed do eiusmod tempor incididunt ut labore et dolore magna aliqua.','','<p>Lorem ipsum dolor sit amet, consectetur adipisicing elit, sed do eiusmod tempor incididunt ut labore et dolore magna aliqua.Lorem ipsum dolor sit amet, consectetur adipisicing elit, sed do eiusmod tempor incididunt ut labore et dolore magna aliqua.<img alt=\"\" src=\"/documents/photos/blogs/16d9_star_trek_tng_uniform_tee.jpeg\" style=\"width: 262px; height: 262px; float: right; margin: 10px;\" /></p>\r\n\r\n<p>Lorem ipsum dolor sit amet, consectetur adipisicing elit, sed do eiusmod tempor incididunt ut labore et dolore magna aliqua.Lorem ipsum dolor sit amet, consectetur adipisicing elit, sed do eiusmod tempor incididunt ut labore et dolore magna aliqua.</p>\r\n\r\n<p>Lorem ipsum dolor sit amet, consectetur adipisicing elit, sed do eiusmod tempor incididunt ut labore et dolore magna aliqua.Lorem ipsum dolor sit amet, consectetur adipisicing elit, sed do eiusmod tempor incididunt ut labore et dolore magna aliqua.</p>\r\n\r\n<p>Lorem ipsum dolor sit amet, consectetur adipisicing elit, sed do eiusmod tempor incididunt ut labore et dolore magna aliqua.Lorem ipsum dolor sit amet, consectetur adipisicing elit, sed do eiusmod tempor incididunt ut labore et dolore magna aliqua.</p>\r\n\r\n<p>&nbsp;</p>\r\n\r\n<p>&nbsp;</p>'),(11,1,'Easy Polo Black Edition','Lorem ipsum dolor sit amet, consectetur adipisicing elit, sed do eiusmod tempor incididunt ut labore et dolore magna aliqua.',NULL,'<p>Lorem ipsum dolor sit amet, consectetur adipisicing elit, sed do eiusmod tempor incididunt ut labore et dolore magna aliqua.Lorem ipsum dolor sit amet, consectetur adipisicing elit, sed do eiusmod tempor incididunt ut labore et dolore magna aliqua.<img alt=\"\" src=\"/documents/photos/blogs/16d9_star_trek_tng_uniform_tee.jpeg\" style=\"width: 262px; height: 262px; float: right; margin: 10px;\" /></p>\r\n\r\n<p>Lorem ipsum dolor sit amet, consectetur adipisicing elit, sed do eiusmod tempor incididunt ut labore et dolore magna aliqua.Lorem ipsum dolor sit amet, consectetur adipisicing elit, sed do eiusmod tempor incididunt ut labore et dolore magna aliqua.</p>\r\n\r\n<p>Lorem ipsum dolor sit amet, consectetur adipisicing elit, sed do eiusmod tempor incididunt ut labore et dolore magna aliqua.Lorem ipsum dolor sit amet, consectetur adipisicing elit, sed do eiusmod tempor incididunt ut labore et dolore magna aliqua.</p>\r\n\r\n<p>Lorem ipsum dolor sit amet, consectetur adipisicing elit, sed do eiusmod tempor incididunt ut labore et dolore magna aliqua.Lorem ipsum dolor sit amet, consectetur adipisicing elit, sed do eiusmod tempor incididunt ut labore et dolore magna aliqua.</p>\r\n\r\n<p>&nbsp;</p>\r\n\r\n<p>&nbsp;</p>'),(11,2,'Easy Polo Black Edition','Lorem ipsum dolor sit amet, consectetur adipisicing elit, sed do eiusmod tempor incididunt ut labore et dolore magna aliqua.',NULL,'<p>Lorem ipsum dolor sit amet, consectetur adipisicing elit, sed do eiusmod tempor incididunt ut labore et dolore magna aliqua.Lorem ipsum dolor sit amet, consectetur adipisicing elit, sed do eiusmod tempor incididunt ut labore et dolore magna aliqua.<img alt=\"\" src=\"/documents/photos/blogs/16d9_star_trek_tng_uniform_tee.jpeg\" style=\"width: 262px; height: 262px; float: right; margin: 10px;\" /></p>\r\n\r\n<p>Lorem ipsum dolor sit amet, consectetur adipisicing elit, sed do eiusmod tempor incididunt ut labore et dolore magna aliqua.Lorem ipsum dolor sit amet, consectetur adipisicing elit, sed do eiusmod tempor incididunt ut labore et dolore magna aliqua.</p>\r\n\r\n<p>Lorem ipsum dolor sit amet, consectetur adipisicing elit, sed do eiusmod tempor incididunt ut labore et dolore magna aliqua.Lorem ipsum dolor sit amet, consectetur adipisicing elit, sed do eiusmod tempor incididunt ut labore et dolore magna aliqua.</p>\r\n\r\n<p>Lorem ipsum dolor sit amet, consectetur adipisicing elit, sed do eiusmod tempor incididunt ut labore et dolore magna aliqua.Lorem ipsum dolor sit amet, consectetur adipisicing elit, sed do eiusmod tempor incididunt ut labore et dolore magna aliqua.</p>\r\n\r\n<p>&nbsp;</p>\r\n\r\n<p>&nbsp;</p>'),(12,1,'Easy Polo Black Edition','Lorem ipsum dolor sit amet, consectetur adipisicing elit, sed do eiusmod tempor incididunt ut labore et dolore magna aliqua.','','<p>Lorem ipsum dolor sit amet, consectetur adipisicing elit, sed do eiusmod tempor incididunt ut labore et dolore magna aliqua.Lorem ipsum dolor sit amet, consectetur adipisicing elit, sed do eiusmod tempor incididunt ut labore et dolore magna aliqua.<img alt=\"\" src=\"/documents/photos/blogs/16d9_star_trek_tng_uniform_tee.jpeg\" style=\"width: 262px; height: 262px; float: right; margin: 10px;\" /></p>\r\n\r\n<p>Lorem ipsum dolor sit amet, consectetur adipisicing elit, sed do eiusmod tempor incididunt ut labore et dolore magna aliqua.Lorem ipsum dolor sit amet, consectetur adipisicing elit, sed do eiusmod tempor incididunt ut labore et dolore magna aliqua.</p>\r\n\r\n<p>Lorem ipsum dolor sit amet, consectetur adipisicing elit, sed do eiusmod tempor incididunt ut labore et dolore magna aliqua.Lorem ipsum dolor sit amet, consectetur adipisicing elit, sed do eiusmod tempor incididunt ut labore et dolore magna aliqua.</p>\r\n\r\n<p>Lorem ipsum dolor sit amet, consectetur adipisicing elit, sed do eiusmod tempor incididunt ut labore et dolore magna aliqua.Lorem ipsum dolor sit amet, consectetur adipisicing elit, sed do eiusmod tempor incididunt ut labore et dolore magna aliqua.</p>\r\n\r\n<p>&nbsp;</p>\r\n\r\n<p>&nbsp;</p>'),(12,2,'Easy Polo Black Edition','Lorem ipsum dolor sit amet, consectetur adipisicing elit, sed do eiusmod tempor incididunt ut labore et dolore magna aliqua.','','<p>Lorem ipsum dolor sit amet, consectetur adipisicing elit, sed do eiusmod tempor incididunt ut labore et dolore magna aliqua.Lorem ipsum dolor sit amet, consectetur adipisicing elit, sed do eiusmod tempor incididunt ut labore et dolore magna aliqua.<img alt=\"\" src=\"/documents/photos/blogs/16d9_star_trek_tng_uniform_tee.jpeg\" style=\"width: 262px; height: 262px; float: right; margin: 10px;\" /></p>\r\n\r\n<p>Lorem ipsum dolor sit amet, consectetur adipisicing elit, sed do eiusmod tempor incididunt ut labore et dolore magna aliqua.Lorem ipsum dolor sit amet, consectetur adipisicing elit, sed do eiusmod tempor incididunt ut labore et dolore magna aliqua.</p>\r\n\r\n<p>Lorem ipsum dolor sit amet, consectetur adipisicing elit, sed do eiusmod tempor incididunt ut labore et dolore magna aliqua.Lorem ipsum dolor sit amet, consectetur adipisicing elit, sed do eiusmod tempor incididunt ut labore et dolore magna aliqua.</p>\r\n\r\n<p>Lorem ipsum dolor sit amet, consectetur adipisicing elit, sed do eiusmod tempor incididunt ut labore et dolore magna aliqua.Lorem ipsum dolor sit amet, consectetur adipisicing elit, sed do eiusmod tempor incididunt ut labore et dolore magna aliqua.</p>\r\n\r\n<p>&nbsp;</p>\r\n\r\n<p>&nbsp;</p>'),(20,1,'Easy Polo Black Edition','Lorem ipsum dolor sit amet, consectetur adipisicing elit, sed do eiusmod tempor incididunt ut labore et dolore magna aliqua.','','<p>Lorem ipsum dolor sit amet, consectetur adipisicing elit, sed do eiusmod tempor incididunt ut labore et dolore magna aliqua.Lorem ipsum dolor sit amet, consectetur adipisicing elit, sed do eiusmod tempor incididunt ut labore et dolore magna aliqua.<img alt=\"\" src=\"/documents/photos/blogs/16d9_star_trek_tng_uniform_tee.jpeg\" style=\"width: 262px; height: 262px; float: right; margin: 10px;\" /></p>\r\n\r\n<p>Lorem ipsum dolor sit amet, consectetur adipisicing elit, sed do eiusmod tempor incididunt ut labore et dolore magna aliqua.Lorem ipsum dolor sit amet, consectetur adipisicing elit, sed do eiusmod tempor incididunt ut labore et dolore magna aliqua.</p>\r\n\r\n<p>Lorem ipsum dolor sit amet, consectetur adipisicing elit, sed do eiusmod tempor incididunt ut labore et dolore magna aliqua.Lorem ipsum dolor sit amet, consectetur adipisicing elit, sed do eiusmod tempor incididunt ut labore et dolore magna aliqua.</p>\r\n\r\n<p>Lorem ipsum dolor sit amet, consectetur adipisicing elit, sed do eiusmod tempor incididunt ut labore et dolore magna aliqua.Lorem ipsum dolor sit amet, consectetur adipisicing elit, sed do eiusmod tempor incididunt ut labore et dolore magna aliqua.</p>\r\n\r\n<p>&nbsp;</p>\r\n\r\n<p>&nbsp;</p>'),(20,2,'Easy Polo Black Edition','Lorem ipsum dolor sit amet, consectetur adipisicing elit, sed do eiusmod tempor incididunt ut labore et dolore magna aliqua.','','<p>Lorem ipsum dolor sit amet, consectetur adipisicing elit, sed do eiusmod tempor incididunt ut labore et dolore magna aliqua.Lorem ipsum dolor sit amet, consectetur adipisicing elit, sed do eiusmod tempor incididunt ut labore et dolore magna aliqua.<img alt=\"\" src=\"/documents/photos/blogs/16d9_star_trek_tng_uniform_tee.jpeg\" style=\"width: 262px; height: 262px; float: right; margin: 10px;\" /></p>\r\n\r\n<p>Lorem ipsum dolor sit amet, consectetur adipisicing elit, sed do eiusmod tempor incididunt ut labore et dolore magna aliqua.Lorem ipsum dolor sit amet, consectetur adipisicing elit, sed do eiusmod tempor incididunt ut labore et dolore magna aliqua.</p>\r\n\r\n<p>Lorem ipsum dolor sit amet, consectetur adipisicing elit, sed do eiusmod tempor incididunt ut labore et dolore magna aliqua.Lorem ipsum dolor sit amet, consectetur adipisicing elit, sed do eiusmod tempor incididunt ut labore et dolore magna aliqua.</p>\r\n\r\n<p>Lorem ipsum dolor sit amet, consectetur adipisicing elit, sed do eiusmod tempor incididunt ut labore et dolore magna aliqua.Lorem ipsum dolor sit amet, consectetur adipisicing elit, sed do eiusmod tempor incididunt ut labore et dolore magna aliqua.</p>\r\n\r\n<p>&nbsp;</p>\r\n\r\n<p>&nbsp;</p>'),(21,1,'Easy Polo Black Edition','Lorem ipsum dolor sit amet, consectetur adipisicing elit, sed do eiusmod tempor incididunt ut labore et dolore magna aliqua.',NULL,'<p>Lorem ipsum dolor sit amet, consectetur adipisicing elit, sed do eiusmod tempor incididunt ut labore et dolore magna aliqua.Lorem ipsum dolor sit amet, consectetur adipisicing elit, sed do eiusmod tempor incididunt ut labore et dolore magna aliqua.<img alt=\"\" src=\"/documents/photos/blogs/16d9_star_trek_tng_uniform_tee.jpeg\" style=\"width: 262px; height: 262px; float: right; margin: 10px;\" /></p>\r\n\r\n<p>Lorem ipsum dolor sit amet, consectetur adipisicing elit, sed do eiusmod tempor incididunt ut labore et dolore magna aliqua.Lorem ipsum dolor sit amet, consectetur adipisicing elit, sed do eiusmod tempor incididunt ut labore et dolore magna aliqua.</p>\r\n\r\n<p>Lorem ipsum dolor sit amet, consectetur adipisicing elit, sed do eiusmod tempor incididunt ut labore et dolore magna aliqua.Lorem ipsum dolor sit amet, consectetur adipisicing elit, sed do eiusmod tempor incididunt ut labore et dolore magna aliqua.</p>\r\n\r\n<p>Lorem ipsum dolor sit amet, consectetur adipisicing elit, sed do eiusmod tempor incididunt ut labore et dolore magna aliqua.Lorem ipsum dolor sit amet, consectetur adipisicing elit, sed do eiusmod tempor incididunt ut labore et dolore magna aliqua.</p>\r\n\r\n<p>&nbsp;</p>\r\n\r\n<p>&nbsp;</p>'),(21,2,'Easy Polo Black Edition','Lorem ipsum dolor sit amet, consectetur adipisicing elit, sed do eiusmod tempor incididunt ut labore et dolore magna aliqua.',NULL,'<p>Lorem ipsum dolor sit amet, consectetur adipisicing elit, sed do eiusmod tempor incididunt ut labore et dolore magna aliqua.Lorem ipsum dolor sit amet, consectetur adipisicing elit, sed do eiusmod tempor incididunt ut labore et dolore magna aliqua.<img alt=\"\" src=\"/documents/photos/blogs/16d9_star_trek_tng_uniform_tee.jpeg\" style=\"width: 262px; height: 262px; float: right; margin: 10px;\" /></p>\r\n\r\n<p>Lorem ipsum dolor sit amet, consectetur adipisicing elit, sed do eiusmod tempor incididunt ut labore et dolore magna aliqua.Lorem ipsum dolor sit amet, consectetur adipisicing elit, sed do eiusmod tempor incididunt ut labore et dolore magna aliqua.</p>\r\n\r\n<p>Lorem ipsum dolor sit amet, consectetur adipisicing elit, sed do eiusmod tempor incididunt ut labore et dolore magna aliqua.Lorem ipsum dolor sit amet, consectetur adipisicing elit, sed do eiusmod tempor incididunt ut labore et dolore magna aliqua.</p>\r\n\r\n<p>Lorem ipsum dolor sit amet, consectetur adipisicing elit, sed do eiusmod tempor incididunt ut labore et dolore magna aliqua.Lorem ipsum dolor sit amet, consectetur adipisicing elit, sed do eiusmod tempor incididunt ut labore et dolore magna aliqua.</p>\r\n\r\n<p>&nbsp;</p>\r\n\r\n<p>&nbsp;</p>'),(22,1,'Easy Polo Black Edition','Lorem ipsum dolor sit amet, consectetur adipisicing elit, sed do eiusmod tempor incididunt ut labore et dolore magna aliqua.',NULL,'<p>Lorem ipsum dolor sit amet, consectetur adipisicing elit, sed do eiusmod tempor incididunt ut labore et dolore magna aliqua.Lorem ipsum dolor sit amet, consectetur adipisicing elit, sed do eiusmod tempor incididunt ut labore et dolore magna aliqua.<img alt=\"\" src=\"/documents/photos/blogs/16d9_star_trek_tng_uniform_tee.jpeg\" style=\"width: 262px; height: 262px; float: right; margin: 10px;\" /></p>\r\n\r\n<p>Lorem ipsum dolor sit amet, consectetur adipisicing elit, sed do eiusmod tempor incididunt ut labore et dolore magna aliqua.Lorem ipsum dolor sit amet, consectetur adipisicing elit, sed do eiusmod tempor incididunt ut labore et dolore magna aliqua.</p>\r\n\r\n<p>Lorem ipsum dolor sit amet, consectetur adipisicing elit, sed do eiusmod tempor incididunt ut labore et dolore magna aliqua.Lorem ipsum dolor sit amet, consectetur adipisicing elit, sed do eiusmod tempor incididunt ut labore et dolore magna aliqua.</p>\r\n\r\n<p>Lorem ipsum dolor sit amet, consectetur adipisicing elit, sed do eiusmod tempor incididunt ut labore et dolore magna aliqua.Lorem ipsum dolor sit amet, consectetur adipisicing elit, sed do eiusmod tempor incididunt ut labore et dolore magna aliqua.</p>\r\n\r\n<p>&nbsp;</p>\r\n\r\n<p>&nbsp;</p>'),(22,2,'Easy Polo Black Edition','Lorem ipsum dolor sit amet, consectetur adipisicing elit, sed do eiusmod tempor incididunt ut labore et dolore magna aliqua.',NULL,'<p>Lorem ipsum dolor sit amet, consectetur adipisicing elit, sed do eiusmod tempor incididunt ut labore et dolore magna aliqua.Lorem ipsum dolor sit amet, consectetur adipisicing elit, sed do eiusmod tempor incididunt ut labore et dolore magna aliqua.<img alt=\"\" src=\"/documents/photos/blogs/16d9_star_trek_tng_uniform_tee.jpeg\" style=\"width: 262px; height: 262px; float: right; margin: 10px;\" /></p>\r\n\r\n<p>Lorem ipsum dolor sit amet, consectetur adipisicing elit, sed do eiusmod tempor incididunt ut labore et dolore magna aliqua.Lorem ipsum dolor sit amet, consectetur adipisicing elit, sed do eiusmod tempor incididunt ut labore et dolore magna aliqua.</p>\r\n\r\n<p>Lorem ipsum dolor sit amet, consectetur adipisicing elit, sed do eiusmod tempor incididunt ut labore et dolore magna aliqua.Lorem ipsum dolor sit amet, consectetur adipisicing elit, sed do eiusmod tempor incididunt ut labore et dolore magna aliqua.</p>\r\n\r\n<p>Lorem ipsum dolor sit amet, consectetur adipisicing elit, sed do eiusmod tempor incididunt ut labore et dolore magna aliqua.Lorem ipsum dolor sit amet, consectetur adipisicing elit, sed do eiusmod tempor incididunt ut labore et dolore magna aliqua.</p>\r\n\r\n<p>&nbsp;</p>\r\n\r\n<p>&nbsp;</p>'),(23,1,'Easy Polo Black Edition','Lorem ipsum dolor sit amet, consectetur adipisicing elit, sed do eiusmod tempor incididunt ut labore et dolore magna aliqua.',NULL,'<p>Lorem ipsum dolor sit amet, consectetur adipisicing elit, sed do eiusmod tempor incididunt ut labore et dolore magna aliqua.Lorem ipsum dolor sit amet, consectetur adipisicing elit, sed do eiusmod tempor incididunt ut labore et dolore magna aliqua.<img alt=\"\" src=\"/documents/photos/blogs/16d9_star_trek_tng_uniform_tee.jpeg\" style=\"width: 262px; height: 262px; float: right; margin: 10px;\" /></p>\r\n\r\n<p>Lorem ipsum dolor sit amet, consectetur adipisicing elit, sed do eiusmod tempor incididunt ut labore et dolore magna aliqua.Lorem ipsum dolor sit amet, consectetur adipisicing elit, sed do eiusmod tempor incididunt ut labore et dolore magna aliqua.</p>\r\n\r\n<p>Lorem ipsum dolor sit amet, consectetur adipisicing elit, sed do eiusmod tempor incididunt ut labore et dolore magna aliqua.Lorem ipsum dolor sit amet, consectetur adipisicing elit, sed do eiusmod tempor incididunt ut labore et dolore magna aliqua.</p>\r\n\r\n<p>Lorem ipsum dolor sit amet, consectetur adipisicing elit, sed do eiusmod tempor incididunt ut labore et dolore magna aliqua.Lorem ipsum dolor sit amet, consectetur adipisicing elit, sed do eiusmod tempor incididunt ut labore et dolore magna aliqua.</p>\r\n\r\n<p>&nbsp;</p>\r\n\r\n<p>&nbsp;</p>'),(23,2,'Easy Polo Black Edition','Lorem ipsum dolor sit amet, consectetur adipisicing elit, sed do eiusmod tempor incididunt ut labore et dolore magna aliqua.',NULL,'<p>Lorem ipsum dolor sit amet, consectetur adipisicing elit, sed do eiusmod tempor incididunt ut labore et dolore magna aliqua.Lorem ipsum dolor sit amet, consectetur adipisicing elit, sed do eiusmod tempor incididunt ut labore et dolore magna aliqua.<img alt=\"\" src=\"/documents/photos/blogs/16d9_star_trek_tng_uniform_tee.jpeg\" style=\"width: 262px; height: 262px; float: right; margin: 10px;\" /></p>\r\n\r\n<p>Lorem ipsum dolor sit amet, consectetur adipisicing elit, sed do eiusmod tempor incididunt ut labore et dolore magna aliqua.Lorem ipsum dolor sit amet, consectetur adipisicing elit, sed do eiusmod tempor incididunt ut labore et dolore magna aliqua.</p>\r\n\r\n<p>Lorem ipsum dolor sit amet, consectetur adipisicing elit, sed do eiusmod tempor incididunt ut labore et dolore magna aliqua.Lorem ipsum dolor sit amet, consectetur adipisicing elit, sed do eiusmod tempor incididunt ut labore et dolore magna aliqua.</p>\r\n\r\n<p>Lorem ipsum dolor sit amet, consectetur adipisicing elit, sed do eiusmod tempor incididunt ut labore et dolore magna aliqua.Lorem ipsum dolor sit amet, consectetur adipisicing elit, sed do eiusmod tempor incididunt ut labore et dolore magna aliqua.</p>\r\n\r\n<p>&nbsp;</p>\r\n\r\n<p>&nbsp;</p>'),(24,1,'Easy Polo Black Edition','Lorem ipsum dolor sit amet, consectetur adipisicing elit, sed do eiusmod tempor incididunt ut labore et dolore magna aliqua.',NULL,'<p>Lorem ipsum dolor sit amet, consectetur adipisicing elit, sed do eiusmod tempor incididunt ut labore et dolore magna aliqua.Lorem ipsum dolor sit amet, consectetur adipisicing elit, sed do eiusmod tempor incididunt ut labore et dolore magna aliqua.<img alt=\"\" src=\"/documents/photos/blogs/16d9_star_trek_tng_uniform_tee.jpeg\" style=\"width: 262px; height: 262px; float: right; margin: 10px;\" /></p>\r\n\r\n<p>Lorem ipsum dolor sit amet, consectetur adipisicing elit, sed do eiusmod tempor incididunt ut labore et dolore magna aliqua.Lorem ipsum dolor sit amet, consectetur adipisicing elit, sed do eiusmod tempor incididunt ut labore et dolore magna aliqua.</p>\r\n\r\n<p>Lorem ipsum dolor sit amet, consectetur adipisicing elit, sed do eiusmod tempor incididunt ut labore et dolore magna aliqua.Lorem ipsum dolor sit amet, consectetur adipisicing elit, sed do eiusmod tempor incididunt ut labore et dolore magna aliqua.</p>\r\n\r\n<p>Lorem ipsum dolor sit amet, consectetur adipisicing elit, sed do eiusmod tempor incididunt ut labore et dolore magna aliqua.Lorem ipsum dolor sit amet, consectetur adipisicing elit, sed do eiusmod tempor incididunt ut labore et dolore magna aliqua.</p>\r\n\r\n<p>&nbsp;</p>\r\n\r\n<p>&nbsp;</p>'),(24,2,'Easy Polo Black Edition','Lorem ipsum dolor sit amet, consectetur adipisicing elit, sed do eiusmod tempor incididunt ut labore et dolore magna aliqua.',NULL,'<p>Lorem ipsum dolor sit amet, consectetur adipisicing elit, sed do eiusmod tempor incididunt ut labore et dolore magna aliqua.Lorem ipsum dolor sit amet, consectetur adipisicing elit, sed do eiusmod tempor incididunt ut labore et dolore magna aliqua.<img alt=\"\" src=\"/documents/photos/blogs/16d9_star_trek_tng_uniform_tee.jpeg\" style=\"width: 262px; height: 262px; float: right; margin: 10px;\" /></p>\r\n\r\n<p>Lorem ipsum dolor sit amet, consectetur adipisicing elit, sed do eiusmod tempor incididunt ut labore et dolore magna aliqua.Lorem ipsum dolor sit amet, consectetur adipisicing elit, sed do eiusmod tempor incididunt ut labore et dolore magna aliqua.</p>\r\n\r\n<p>Lorem ipsum dolor sit amet, consectetur adipisicing elit, sed do eiusmod tempor incididunt ut labore et dolore magna aliqua.Lorem ipsum dolor sit amet, consectetur adipisicing elit, sed do eiusmod tempor incididunt ut labore et dolore magna aliqua.</p>\r\n\r\n<p>Lorem ipsum dolor sit amet, consectetur adipisicing elit, sed do eiusmod tempor incididunt ut labore et dolore magna aliqua.Lorem ipsum dolor sit amet, consectetur adipisicing elit, sed do eiusmod tempor incididunt ut labore et dolore magna aliqua.</p>\r\n\r\n<p>&nbsp;</p>\r\n\r\n<p>&nbsp;</p>'),(25,1,'Easy Polo Black Edition','Lorem ipsum dolor sit amet, consectetur adipisicing elit, sed do eiusmod tempor incididunt ut labore et dolore magna aliqua.',NULL,'<p>Lorem ipsum dolor sit amet, consectetur adipisicing elit, sed do eiusmod tempor incididunt ut labore et dolore magna aliqua.Lorem ipsum dolor sit amet, consectetur adipisicing elit, sed do eiusmod tempor incididunt ut labore et dolore magna aliqua.<img alt=\"\" src=\"/documents/photos/blogs/16d9_star_trek_tng_uniform_tee.jpeg\" style=\"width: 262px; height: 262px; float: right; margin: 10px;\" /></p>\r\n\r\n<p>Lorem ipsum dolor sit amet, consectetur adipisicing elit, sed do eiusmod tempor incididunt ut labore et dolore magna aliqua.Lorem ipsum dolor sit amet, consectetur adipisicing elit, sed do eiusmod tempor incididunt ut labore et dolore magna aliqua.</p>\r\n\r\n<p>Lorem ipsum dolor sit amet, consectetur adipisicing elit, sed do eiusmod tempor incididunt ut labore et dolore magna aliqua.Lorem ipsum dolor sit amet, consectetur adipisicing elit, sed do eiusmod tempor incididunt ut labore et dolore magna aliqua.</p>\r\n\r\n<p>Lorem ipsum dolor sit amet, consectetur adipisicing elit, sed do eiusmod tempor incididunt ut labore et dolore magna aliqua.Lorem ipsum dolor sit amet, consectetur adipisicing elit, sed do eiusmod tempor incididunt ut labore et dolore magna aliqua.</p>\r\n\r\n<p>&nbsp;</p>\r\n\r\n<p>&nbsp;</p>'),(25,2,'Easy Polo Black Edition','Lorem ipsum dolor sit amet, consectetur adipisicing elit, sed do eiusmod tempor incididunt ut labore et dolore magna aliqua.',NULL,'<p>Lorem ipsum dolor sit amet, consectetur adipisicing elit, sed do eiusmod tempor incididunt ut labore et dolore magna aliqua.Lorem ipsum dolor sit amet, consectetur adipisicing elit, sed do eiusmod tempor incididunt ut labore et dolore magna aliqua.<img alt=\"\" src=\"/documents/photos/blogs/16d9_star_trek_tng_uniform_tee.jpeg\" style=\"width: 262px; height: 262px; float: right; margin: 10px;\" /></p>\r\n\r\n<p>Lorem ipsum dolor sit amet, consectetur adipisicing elit, sed do eiusmod tempor incididunt ut labore et dolore magna aliqua.Lorem ipsum dolor sit amet, consectetur adipisicing elit, sed do eiusmod tempor incididunt ut labore et dolore magna aliqua.</p>\r\n\r\n<p>Lorem ipsum dolor sit amet, consectetur adipisicing elit, sed do eiusmod tempor incididunt ut labore et dolore magna aliqua.Lorem ipsum dolor sit amet, consectetur adipisicing elit, sed do eiusmod tempor incididunt ut labore et dolore magna aliqua.</p>\r\n\r\n<p>Lorem ipsum dolor sit amet, consectetur adipisicing elit, sed do eiusmod tempor incididunt ut labore et dolore magna aliqua.Lorem ipsum dolor sit amet, consectetur adipisicing elit, sed do eiusmod tempor incididunt ut labore et dolore magna aliqua.</p>\r\n\r\n<p>&nbsp;</p>\r\n\r\n<p>&nbsp;</p>'),(26,1,'Easy Polo Black Edition','Lorem ipsum dolor sit amet, consectetur adipisicing elit, sed do eiusmod tempor incididunt ut labore et dolore magna aliqua.',NULL,'<p>Lorem ipsum dolor sit amet, consectetur adipisicing elit, sed do eiusmod tempor incididunt ut labore et dolore magna aliqua.Lorem ipsum dolor sit amet, consectetur adipisicing elit, sed do eiusmod tempor incididunt ut labore et dolore magna aliqua.<img alt=\"\" src=\"/documents/photos/blogs/16d9_star_trek_tng_uniform_tee.jpeg\" style=\"width: 262px; height: 262px; float: right; margin: 10px;\" /></p>\r\n\r\n<p>Lorem ipsum dolor sit amet, consectetur adipisicing elit, sed do eiusmod tempor incididunt ut labore et dolore magna aliqua.Lorem ipsum dolor sit amet, consectetur adipisicing elit, sed do eiusmod tempor incididunt ut labore et dolore magna aliqua.</p>\r\n\r\n<p>Lorem ipsum dolor sit amet, consectetur adipisicing elit, sed do eiusmod tempor incididunt ut labore et dolore magna aliqua.Lorem ipsum dolor sit amet, consectetur adipisicing elit, sed do eiusmod tempor incididunt ut labore et dolore magna aliqua.</p>\r\n\r\n<p>Lorem ipsum dolor sit amet, consectetur adipisicing elit, sed do eiusmod tempor incididunt ut labore et dolore magna aliqua.Lorem ipsum dolor sit amet, consectetur adipisicing elit, sed do eiusmod tempor incididunt ut labore et dolore magna aliqua.</p>\r\n\r\n<p>&nbsp;</p>\r\n\r\n<p>&nbsp;</p>'),(26,2,'Easy Polo Black Edition','Lorem ipsum dolor sit amet, consectetur adipisicing elit, sed do eiusmod tempor incididunt ut labore et dolore magna aliqua.',NULL,'<p>Lorem ipsum dolor sit amet, consectetur adipisicing elit, sed do eiusmod tempor incididunt ut labore et dolore magna aliqua.Lorem ipsum dolor sit amet, consectetur adipisicing elit, sed do eiusmod tempor incididunt ut labore et dolore magna aliqua.<img alt=\"\" src=\"/documents/photos/blogs/16d9_star_trek_tng_uniform_tee.jpeg\" style=\"width: 262px; height: 262px; float: right; margin: 10px;\" /></p>\r\n\r\n<p>Lorem ipsum dolor sit amet, consectetur adipisicing elit, sed do eiusmod tempor incididunt ut labore et dolore magna aliqua.Lorem ipsum dolor sit amet, consectetur adipisicing elit, sed do eiusmod tempor incididunt ut labore et dolore magna aliqua.</p>\r\n\r\n<p>Lorem ipsum dolor sit amet, consectetur adipisicing elit, sed do eiusmod tempor incididunt ut labore et dolore magna aliqua.Lorem ipsum dolor sit amet, consectetur adipisicing elit, sed do eiusmod tempor incididunt ut labore et dolore magna aliqua.</p>\r\n\r\n<p>Lorem ipsum dolor sit amet, consectetur adipisicing elit, sed do eiusmod tempor incididunt ut labore et dolore magna aliqua.Lorem ipsum dolor sit amet, consectetur adipisicing elit, sed do eiusmod tempor incididunt ut labore et dolore magna aliqua.</p>\r\n\r\n<p>&nbsp;</p>\r\n\r\n<p>&nbsp;</p>'),(27,1,'Easy Polo Black Edition','Lorem ipsum dolor sit amet, consectetur adipisicing elit, sed do eiusmod tempor incididunt ut labore et dolore magna aliqua.',NULL,'<p>Lorem ipsum dolor sit amet, consectetur adipisicing elit, sed do eiusmod tempor incididunt ut labore et dolore magna aliqua.Lorem ipsum dolor sit amet, consectetur adipisicing elit, sed do eiusmod tempor incididunt ut labore et dolore magna aliqua.<img alt=\"\" src=\"/documents/photos/blogs/16d9_star_trek_tng_uniform_tee.jpeg\" style=\"width: 262px; height: 262px; float: right; margin: 10px;\" /></p>\r\n\r\n<p>Lorem ipsum dolor sit amet, consectetur adipisicing elit, sed do eiusmod tempor incididunt ut labore et dolore magna aliqua.Lorem ipsum dolor sit amet, consectetur adipisicing elit, sed do eiusmod tempor incididunt ut labore et dolore magna aliqua.</p>\r\n\r\n<p>Lorem ipsum dolor sit amet, consectetur adipisicing elit, sed do eiusmod tempor incididunt ut labore et dolore magna aliqua.Lorem ipsum dolor sit amet, consectetur adipisicing elit, sed do eiusmod tempor incididunt ut labore et dolore magna aliqua.</p>\r\n\r\n<p>Lorem ipsum dolor sit amet, consectetur adipisicing elit, sed do eiusmod tempor incididunt ut labore et dolore magna aliqua.Lorem ipsum dolor sit amet, consectetur adipisicing elit, sed do eiusmod tempor incididunt ut labore et dolore magna aliqua.</p>\r\n\r\n<p>&nbsp;</p>\r\n\r\n<p>&nbsp;</p>'),(27,2,'Easy Polo Black Edition','Lorem ipsum dolor sit amet, consectetur adipisicing elit, sed do eiusmod tempor incididunt ut labore et dolore magna aliqua.',NULL,'<p>Lorem ipsum dolor sit amet, consectetur adipisicing elit, sed do eiusmod tempor incididunt ut labore et dolore magna aliqua.Lorem ipsum dolor sit amet, consectetur adipisicing elit, sed do eiusmod tempor incididunt ut labore et dolore magna aliqua.<img alt=\"\" src=\"/documents/photos/blogs/16d9_star_trek_tng_uniform_tee.jpeg\" style=\"width: 262px; height: 262px; float: right; margin: 10px;\" /></p>\r\n\r\n<p>Lorem ipsum dolor sit amet, consectetur adipisicing elit, sed do eiusmod tempor incididunt ut labore et dolore magna aliqua.Lorem ipsum dolor sit amet, consectetur adipisicing elit, sed do eiusmod tempor incididunt ut labore et dolore magna aliqua.</p>\r\n\r\n<p>Lorem ipsum dolor sit amet, consectetur adipisicing elit, sed do eiusmod tempor incididunt ut labore et dolore magna aliqua.Lorem ipsum dolor sit amet, consectetur adipisicing elit, sed do eiusmod tempor incididunt ut labore et dolore magna aliqua.</p>\r\n\r\n<p>Lorem ipsum dolor sit amet, consectetur adipisicing elit, sed do eiusmod tempor incididunt ut labore et dolore magna aliqua.Lorem ipsum dolor sit amet, consectetur adipisicing elit, sed do eiusmod tempor incididunt ut labore et dolore magna aliqua.</p>\r\n\r\n<p>&nbsp;</p>\r\n\r\n<p>&nbsp;</p>'),(28,1,'Easy Polo Black Edition','Lorem ipsum dolor sit amet, consectetur adipisicing elit, sed do eiusmod tempor incididunt ut labore et dolore magna aliqua.',NULL,'<p>Lorem ipsum dolor sit amet, consectetur adipisicing elit, sed do eiusmod tempor incididunt ut labore et dolore magna aliqua.Lorem ipsum dolor sit amet, consectetur adipisicing elit, sed do eiusmod tempor incididunt ut labore et dolore magna aliqua.<img alt=\"\" src=\"/documents/photos/blogs/16d9_star_trek_tng_uniform_tee.jpeg\" style=\"width: 262px; height: 262px; float: right; margin: 10px;\" /></p>\r\n\r\n<p>Lorem ipsum dolor sit amet, consectetur adipisicing elit, sed do eiusmod tempor incididunt ut labore et dolore magna aliqua.Lorem ipsum dolor sit amet, consectetur adipisicing elit, sed do eiusmod tempor incididunt ut labore et dolore magna aliqua.</p>\r\n\r\n<p>Lorem ipsum dolor sit amet, consectetur adipisicing elit, sed do eiusmod tempor incididunt ut labore et dolore magna aliqua.Lorem ipsum dolor sit amet, consectetur adipisicing elit, sed do eiusmod tempor incididunt ut labore et dolore magna aliqua.</p>\r\n\r\n<p>Lorem ipsum dolor sit amet, consectetur adipisicing elit, sed do eiusmod tempor incididunt ut labore et dolore magna aliqua.Lorem ipsum dolor sit amet, consectetur adipisicing elit, sed do eiusmod tempor incididunt ut labore et dolore magna aliqua.</p>\r\n\r\n<p>&nbsp;</p>\r\n\r\n<p>&nbsp;</p>'),(28,2,'Easy Polo Black Edition','Lorem ipsum dolor sit amet, consectetur adipisicing elit, sed do eiusmod tempor incididunt ut labore et dolore magna aliqua.',NULL,'<p>Lorem ipsum dolor sit amet, consectetur adipisicing elit, sed do eiusmod tempor incididunt ut labore et dolore magna aliqua.Lorem ipsum dolor sit amet, consectetur adipisicing elit, sed do eiusmod tempor incididunt ut labore et dolore magna aliqua.<img alt=\"\" src=\"/documents/photos/blogs/16d9_star_trek_tng_uniform_tee.jpeg\" style=\"width: 262px; height: 262px; float: right; margin: 10px;\" /></p>\r\n\r\n<p>Lorem ipsum dolor sit amet, consectetur adipisicing elit, sed do eiusmod tempor incididunt ut labore et dolore magna aliqua.Lorem ipsum dolor sit amet, consectetur adipisicing elit, sed do eiusmod tempor incididunt ut labore et dolore magna aliqua.</p>\r\n\r\n<p>Lorem ipsum dolor sit amet, consectetur adipisicing elit, sed do eiusmod tempor incididunt ut labore et dolore magna aliqua.Lorem ipsum dolor sit amet, consectetur adipisicing elit, sed do eiusmod tempor incididunt ut labore et dolore magna aliqua.</p>\r\n\r\n<p>Lorem ipsum dolor sit amet, consectetur adipisicing elit, sed do eiusmod tempor incididunt ut labore et dolore magna aliqua.Lorem ipsum dolor sit amet, consectetur adipisicing elit, sed do eiusmod tempor incididunt ut labore et dolore magna aliqua.</p>\r\n\r\n<p>&nbsp;</p>\r\n\r\n<p>&nbsp;</p>'),(29,1,'Easy Polo Black Edition','Lorem ipsum dolor sit amet, consectetur adipisicing elit, sed do eiusmod tempor incididunt ut labore et dolore magna aliqua.',NULL,'<p>Lorem ipsum dolor sit amet, consectetur adipisicing elit, sed do eiusmod tempor incididunt ut labore et dolore magna aliqua.Lorem ipsum dolor sit amet, consectetur adipisicing elit, sed do eiusmod tempor incididunt ut labore et dolore magna aliqua.<img alt=\"\" src=\"/documents/photos/blogs/16d9_star_trek_tng_uniform_tee.jpeg\" style=\"width: 262px; height: 262px; float: right; margin: 10px;\" /></p>\r\n\r\n<p>Lorem ipsum dolor sit amet, consectetur adipisicing elit, sed do eiusmod tempor incididunt ut labore et dolore magna aliqua.Lorem ipsum dolor sit amet, consectetur adipisicing elit, sed do eiusmod tempor incididunt ut labore et dolore magna aliqua.</p>\r\n\r\n<p>Lorem ipsum dolor sit amet, consectetur adipisicing elit, sed do eiusmod tempor incididunt ut labore et dolore magna aliqua.Lorem ipsum dolor sit amet, consectetur adipisicing elit, sed do eiusmod tempor incididunt ut labore et dolore magna aliqua.</p>\r\n\r\n<p>Lorem ipsum dolor sit amet, consectetur adipisicing elit, sed do eiusmod tempor incididunt ut labore et dolore magna aliqua.Lorem ipsum dolor sit amet, consectetur adipisicing elit, sed do eiusmod tempor incididunt ut labore et dolore magna aliqua.</p>\r\n\r\n<p>&nbsp;</p>\r\n\r\n<p>&nbsp;</p>'),(29,2,'Easy Polo Black Edition','Lorem ipsum dolor sit amet, consectetur adipisicing elit, sed do eiusmod tempor incididunt ut labore et dolore magna aliqua.',NULL,'<p>Lorem ipsum dolor sit amet, consectetur adipisicing elit, sed do eiusmod tempor incididunt ut labore et dolore magna aliqua.Lorem ipsum dolor sit amet, consectetur adipisicing elit, sed do eiusmod tempor incididunt ut labore et dolore magna aliqua.<img alt=\"\" src=\"/documents/photos/blogs/16d9_star_trek_tng_uniform_tee.jpeg\" style=\"width: 262px; height: 262px; float: right; margin: 10px;\" /></p>\r\n\r\n<p>Lorem ipsum dolor sit amet, consectetur adipisicing elit, sed do eiusmod tempor incididunt ut labore et dolore magna aliqua.Lorem ipsum dolor sit amet, consectetur adipisicing elit, sed do eiusmod tempor incididunt ut labore et dolore magna aliqua.</p>\r\n\r\n<p>Lorem ipsum dolor sit amet, consectetur adipisicing elit, sed do eiusmod tempor incididunt ut labore et dolore magna aliqua.Lorem ipsum dolor sit amet, consectetur adipisicing elit, sed do eiusmod tempor incididunt ut labore et dolore magna aliqua.</p>\r\n\r\n<p>Lorem ipsum dolor sit amet, consectetur adipisicing elit, sed do eiusmod tempor incididunt ut labore et dolore magna aliqua.Lorem ipsum dolor sit amet, consectetur adipisicing elit, sed do eiusmod tempor incididunt ut labore et dolore magna aliqua.</p>\r\n\r\n<p>&nbsp;</p>\r\n\r\n<p>&nbsp;</p>'),(30,1,'Easy Polo Black Edition','Lorem ipsum dolor sit amet, consectetur adipisicing elit, sed do eiusmod tempor incididunt ut labore et dolore magna aliqua.',NULL,'<p>Lorem ipsum dolor sit amet, consectetur adipisicing elit, sed do eiusmod tempor incididunt ut labore et dolore magna aliqua.Lorem ipsum dolor sit amet, consectetur adipisicing elit, sed do eiusmod tempor incididunt ut labore et dolore magna aliqua.<img alt=\"\" src=\"/documents/photos/blogs/16d9_star_trek_tng_uniform_tee.jpeg\" style=\"width: 262px; height: 262px; float: right; margin: 10px;\" /></p>\r\n\r\n<p>Lorem ipsum dolor sit amet, consectetur adipisicing elit, sed do eiusmod tempor incididunt ut labore et dolore magna aliqua.Lorem ipsum dolor sit amet, consectetur adipisicing elit, sed do eiusmod tempor incididunt ut labore et dolore magna aliqua.</p>\r\n\r\n<p>Lorem ipsum dolor sit amet, consectetur adipisicing elit, sed do eiusmod tempor incididunt ut labore et dolore magna aliqua.Lorem ipsum dolor sit amet, consectetur adipisicing elit, sed do eiusmod tempor incididunt ut labore et dolore magna aliqua.</p>\r\n\r\n<p>Lorem ipsum dolor sit amet, consectetur adipisicing elit, sed do eiusmod tempor incididunt ut labore et dolore magna aliqua.Lorem ipsum dolor sit amet, consectetur adipisicing elit, sed do eiusmod tempor incididunt ut labore et dolore magna aliqua.</p>\r\n\r\n<p>&nbsp;</p>\r\n\r\n<p>&nbsp;</p>'),(30,2,'Easy Polo Black Edition','Lorem ipsum dolor sit amet, consectetur adipisicing elit, sed do eiusmod tempor incididunt ut labore et dolore magna aliqua.',NULL,'<p>Lorem ipsum dolor sit amet, consectetur adipisicing elit, sed do eiusmod tempor incididunt ut labore et dolore magna aliqua.Lorem ipsum dolor sit amet, consectetur adipisicing elit, sed do eiusmod tempor incididunt ut labore et dolore magna aliqua.<img alt=\"\" src=\"/documents/photos/blogs/16d9_star_trek_tng_uniform_tee.jpeg\" style=\"width: 262px; height: 262px; float: right; margin: 10px;\" /></p>\r\n\r\n<p>Lorem ipsum dolor sit amet, consectetur adipisicing elit, sed do eiusmod tempor incididunt ut labore et dolore magna aliqua.Lorem ipsum dolor sit amet, consectetur adipisicing elit, sed do eiusmod tempor incididunt ut labore et dolore magna aliqua.</p>\r\n\r\n<p>Lorem ipsum dolor sit amet, consectetur adipisicing elit, sed do eiusmod tempor incididunt ut labore et dolore magna aliqua.Lorem ipsum dolor sit amet, consectetur adipisicing elit, sed do eiusmod tempor incididunt ut labore et dolore magna aliqua.</p>\r\n\r\n<p>Lorem ipsum dolor sit amet, consectetur adipisicing elit, sed do eiusmod tempor incididunt ut labore et dolore magna aliqua.Lorem ipsum dolor sit amet, consectetur adipisicing elit, sed do eiusmod tempor incididunt ut labore et dolore magna aliqua.</p>\r\n\r\n<p>&nbsp;</p>\r\n\r\n<p>&nbsp;</p>'),(31,1,'Easy Polo Black Edition','Lorem ipsum dolor sit amet, consectetur adipisicing elit, sed do eiusmod tempor incididunt ut labore et dolore magna aliqua.',NULL,'<p>Lorem ipsum dolor sit amet, consectetur adipisicing elit, sed do eiusmod tempor incididunt ut labore et dolore magna aliqua.Lorem ipsum dolor sit amet, consectetur adipisicing elit, sed do eiusmod tempor incididunt ut labore et dolore magna aliqua.<img alt=\"\" src=\"/documents/photos/blogs/16d9_star_trek_tng_uniform_tee.jpeg\" style=\"width: 262px; height: 262px; float: right; margin: 10px;\" /></p>\r\n\r\n<p>Lorem ipsum dolor sit amet, consectetur adipisicing elit, sed do eiusmod tempor incididunt ut labore et dolore magna aliqua.Lorem ipsum dolor sit amet, consectetur adipisicing elit, sed do eiusmod tempor incididunt ut labore et dolore magna aliqua.</p>\r\n\r\n<p>Lorem ipsum dolor sit amet, consectetur adipisicing elit, sed do eiusmod tempor incididunt ut labore et dolore magna aliqua.Lorem ipsum dolor sit amet, consectetur adipisicing elit, sed do eiusmod tempor incididunt ut labore et dolore magna aliqua.</p>\r\n\r\n<p>Lorem ipsum dolor sit amet, consectetur adipisicing elit, sed do eiusmod tempor incididunt ut labore et dolore magna aliqua.Lorem ipsum dolor sit amet, consectetur adipisicing elit, sed do eiusmod tempor incididunt ut labore et dolore magna aliqua.</p>\r\n\r\n<p>&nbsp;</p>\r\n\r\n<p>&nbsp;</p>'),(31,2,'Easy Polo Black Edition','Lorem ipsum dolor sit amet, consectetur adipisicing elit, sed do eiusmod tempor incididunt ut labore et dolore magna aliqua.',NULL,'<p>Lorem ipsum dolor sit amet, consectetur adipisicing elit, sed do eiusmod tempor incididunt ut labore et dolore magna aliqua.Lorem ipsum dolor sit amet, consectetur adipisicing elit, sed do eiusmod tempor incididunt ut labore et dolore magna aliqua.<img alt=\"\" src=\"/documents/photos/blogs/16d9_star_trek_tng_uniform_tee.jpeg\" style=\"width: 262px; height: 262px; float: right; margin: 10px;\" /></p>\r\n\r\n<p>Lorem ipsum dolor sit amet, consectetur adipisicing elit, sed do eiusmod tempor incididunt ut labore et dolore magna aliqua.Lorem ipsum dolor sit amet, consectetur adipisicing elit, sed do eiusmod tempor incididunt ut labore et dolore magna aliqua.</p>\r\n\r\n<p>Lorem ipsum dolor sit amet, consectetur adipisicing elit, sed do eiusmod tempor incididunt ut labore et dolore magna aliqua.Lorem ipsum dolor sit amet, consectetur adipisicing elit, sed do eiusmod tempor incididunt ut labore et dolore magna aliqua.</p>\r\n\r\n<p>Lorem ipsum dolor sit amet, consectetur adipisicing elit, sed do eiusmod tempor incididunt ut labore et dolore magna aliqua.Lorem ipsum dolor sit amet, consectetur adipisicing elit, sed do eiusmod tempor incididunt ut labore et dolore magna aliqua.</p>\r\n\r\n<p>&nbsp;</p>\r\n\r\n<p>&nbsp;</p>'),(32,1,'Easy Polo Black Edition','Lorem ipsum dolor sit amet, consectetur adipisicing elit, sed do eiusmod tempor incididunt ut labore et dolore magna aliqua.',NULL,'<p>Lorem ipsum dolor sit amet, consectetur adipisicing elit, sed do eiusmod tempor incididunt ut labore et dolore magna aliqua.Lorem ipsum dolor sit amet, consectetur adipisicing elit, sed do eiusmod tempor incididunt ut labore et dolore magna aliqua.<img alt=\"\" src=\"/documents/photos/blogs/16d9_star_trek_tng_uniform_tee.jpeg\" style=\"width: 262px; height: 262px; float: right; margin: 10px;\" /></p>\r\n\r\n<p>Lorem ipsum dolor sit amet, consectetur adipisicing elit, sed do eiusmod tempor incididunt ut labore et dolore magna aliqua.Lorem ipsum dolor sit amet, consectetur adipisicing elit, sed do eiusmod tempor incididunt ut labore et dolore magna aliqua.</p>\r\n\r\n<p>Lorem ipsum dolor sit amet, consectetur adipisicing elit, sed do eiusmod tempor incididunt ut labore et dolore magna aliqua.Lorem ipsum dolor sit amet, consectetur adipisicing elit, sed do eiusmod tempor incididunt ut labore et dolore magna aliqua.</p>\r\n\r\n<p>Lorem ipsum dolor sit amet, consectetur adipisicing elit, sed do eiusmod tempor incididunt ut labore et dolore magna aliqua.Lorem ipsum dolor sit amet, consectetur adipisicing elit, sed do eiusmod tempor incididunt ut labore et dolore magna aliqua.</p>\r\n\r\n<p>&nbsp;</p>\r\n\r\n<p>&nbsp;</p>'),(32,2,'Easy Polo Black Edition','Lorem ipsum dolor sit amet, consectetur adipisicing elit, sed do eiusmod tempor incididunt ut labore et dolore magna aliqua.',NULL,'<p>Lorem ipsum dolor sit amet, consectetur adipisicing elit, sed do eiusmod tempor incididunt ut labore et dolore magna aliqua.Lorem ipsum dolor sit amet, consectetur adipisicing elit, sed do eiusmod tempor incididunt ut labore et dolore magna aliqua.<img alt=\"\" src=\"/documents/photos/blogs/16d9_star_trek_tng_uniform_tee.jpeg\" style=\"width: 262px; height: 262px; float: right; margin: 10px;\" /></p>\r\n\r\n<p>Lorem ipsum dolor sit amet, consectetur adipisicing elit, sed do eiusmod tempor incididunt ut labore et dolore magna aliqua.Lorem ipsum dolor sit amet, consectetur adipisicing elit, sed do eiusmod tempor incididunt ut labore et dolore magna aliqua.</p>\r\n\r\n<p>Lorem ipsum dolor sit amet, consectetur adipisicing elit, sed do eiusmod tempor incididunt ut labore et dolore magna aliqua.Lorem ipsum dolor sit amet, consectetur adipisicing elit, sed do eiusmod tempor incididunt ut labore et dolore magna aliqua.</p>\r\n\r\n<p>Lorem ipsum dolor sit amet, consectetur adipisicing elit, sed do eiusmod tempor incididunt ut labore et dolore magna aliqua.Lorem ipsum dolor sit amet, consectetur adipisicing elit, sed do eiusmod tempor incididunt ut labore et dolore magna aliqua.</p>\r\n\r\n<p>&nbsp;</p>\r\n\r\n<p>&nbsp;</p>'),(33,1,'Easy Polo Black Edition','Lorem ipsum dolor sit amet, consectetur adipisicing elit, sed do eiusmod tempor incididunt ut labore et dolore magna aliqua.',NULL,'<p>Lorem ipsum dolor sit amet, consectetur adipisicing elit, sed do eiusmod tempor incididunt ut labore et dolore magna aliqua.Lorem ipsum dolor sit amet, consectetur adipisicing elit, sed do eiusmod tempor incididunt ut labore et dolore magna aliqua.<img alt=\"\" src=\"/documents/photos/blogs/16d9_star_trek_tng_uniform_tee.jpeg\" style=\"width: 262px; height: 262px; float: right; margin: 10px;\" /></p>\r\n\r\n<p>Lorem ipsum dolor sit amet, consectetur adipisicing elit, sed do eiusmod tempor incididunt ut labore et dolore magna aliqua.Lorem ipsum dolor sit amet, consectetur adipisicing elit, sed do eiusmod tempor incididunt ut labore et dolore magna aliqua.</p>\r\n\r\n<p>Lorem ipsum dolor sit amet, consectetur adipisicing elit, sed do eiusmod tempor incididunt ut labore et dolore magna aliqua.Lorem ipsum dolor sit amet, consectetur adipisicing elit, sed do eiusmod tempor incididunt ut labore et dolore magna aliqua.</p>\r\n\r\n<p>Lorem ipsum dolor sit amet, consectetur adipisicing elit, sed do eiusmod tempor incididunt ut labore et dolore magna aliqua.Lorem ipsum dolor sit amet, consectetur adipisicing elit, sed do eiusmod tempor incididunt ut labore et dolore magna aliqua.</p>\r\n\r\n<p>&nbsp;</p>\r\n\r\n<p>&nbsp;</p>'),(33,2,'Easy Polo Black Edition','Lorem ipsum dolor sit amet, consectetur adipisicing elit, sed do eiusmod tempor incididunt ut labore et dolore magna aliqua.',NULL,'<p>Lorem ipsum dolor sit amet, consectetur adipisicing elit, sed do eiusmod tempor incididunt ut labore et dolore magna aliqua.Lorem ipsum dolor sit amet, consectetur adipisicing elit, sed do eiusmod tempor incididunt ut labore et dolore magna aliqua.<img alt=\"\" src=\"/documents/photos/blogs/16d9_star_trek_tng_uniform_tee.jpeg\" style=\"width: 262px; height: 262px; float: right; margin: 10px;\" /></p>\r\n\r\n<p>Lorem ipsum dolor sit amet, consectetur adipisicing elit, sed do eiusmod tempor incididunt ut labore et dolore magna aliqua.Lorem ipsum dolor sit amet, consectetur adipisicing elit, sed do eiusmod tempor incididunt ut labore et dolore magna aliqua.</p>\r\n\r\n<p>Lorem ipsum dolor sit amet, consectetur adipisicing elit, sed do eiusmod tempor incididunt ut labore et dolore magna aliqua.Lorem ipsum dolor sit amet, consectetur adipisicing elit, sed do eiusmod tempor incididunt ut labore et dolore magna aliqua.</p>\r\n\r\n<p>Lorem ipsum dolor sit amet, consectetur adipisicing elit, sed do eiusmod tempor incididunt ut labore et dolore magna aliqua.Lorem ipsum dolor sit amet, consectetur adipisicing elit, sed do eiusmod tempor incididunt ut labore et dolore magna aliqua.</p>\r\n\r\n<p>&nbsp;</p>\r\n\r\n<p>&nbsp;</p>'),(34,1,'Easy Polo Black Edition','Lorem ipsum dolor sit amet, consectetur adipisicing elit, sed do eiusmod tempor incididunt ut labore et dolore magna aliqua.',NULL,'<p>Lorem ipsum dolor sit amet, consectetur adipisicing elit, sed do eiusmod tempor incididunt ut labore et dolore magna aliqua.Lorem ipsum dolor sit amet, consectetur adipisicing elit, sed do eiusmod tempor incididunt ut labore et dolore magna aliqua.<img alt=\"\" src=\"/documents/photos/blogs/16d9_star_trek_tng_uniform_tee.jpeg\" style=\"width: 262px; height: 262px; float: right; margin: 10px;\" /></p>\r\n\r\n<p>Lorem ipsum dolor sit amet, consectetur adipisicing elit, sed do eiusmod tempor incididunt ut labore et dolore magna aliqua.Lorem ipsum dolor sit amet, consectetur adipisicing elit, sed do eiusmod tempor incididunt ut labore et dolore magna aliqua.</p>\r\n\r\n<p>Lorem ipsum dolor sit amet, consectetur adipisicing elit, sed do eiusmod tempor incididunt ut labore et dolore magna aliqua.Lorem ipsum dolor sit amet, consectetur adipisicing elit, sed do eiusmod tempor incididunt ut labore et dolore magna aliqua.</p>\r\n\r\n<p>Lorem ipsum dolor sit amet, consectetur adipisicing elit, sed do eiusmod tempor incididunt ut labore et dolore magna aliqua.Lorem ipsum dolor sit amet, consectetur adipisicing elit, sed do eiusmod tempor incididunt ut labore et dolore magna aliqua.</p>\r\n\r\n<p>&nbsp;</p>\r\n\r\n<p>&nbsp;</p>'),(34,2,'Easy Polo Black Edition','Lorem ipsum dolor sit amet, consectetur adipisicing elit, sed do eiusmod tempor incididunt ut labore et dolore magna aliqua.',NULL,'<p>Lorem ipsum dolor sit amet, consectetur adipisicing elit, sed do eiusmod tempor incididunt ut labore et dolore magna aliqua.Lorem ipsum dolor sit amet, consectetur adipisicing elit, sed do eiusmod tempor incididunt ut labore et dolore magna aliqua.<img alt=\"\" src=\"/documents/photos/blogs/16d9_star_trek_tng_uniform_tee.jpeg\" style=\"width: 262px; height: 262px; float: right; margin: 10px;\" /></p>\r\n\r\n<p>Lorem ipsum dolor sit amet, consectetur adipisicing elit, sed do eiusmod tempor incididunt ut labore et dolore magna aliqua.Lorem ipsum dolor sit amet, consectetur adipisicing elit, sed do eiusmod tempor incididunt ut labore et dolore magna aliqua.</p>\r\n\r\n<p>Lorem ipsum dolor sit amet, consectetur adipisicing elit, sed do eiusmod tempor incididunt ut labore et dolore magna aliqua.Lorem ipsum dolor sit amet, consectetur adipisicing elit, sed do eiusmod tempor incididunt ut labore et dolore magna aliqua.</p>\r\n\r\n<p>Lorem ipsum dolor sit amet, consectetur adipisicing elit, sed do eiusmod tempor incididunt ut labore et dolore magna aliqua.Lorem ipsum dolor sit amet, consectetur adipisicing elit, sed do eiusmod tempor incididunt ut labore et dolore magna aliqua.</p>\r\n\r\n<p>&nbsp;</p>\r\n\r\n<p>&nbsp;</p>'),(35,1,'Easy Polo Black Edition','Lorem ipsum dolor sit amet, consectetur adipisicing elit, sed do eiusmod tempor incididunt ut labore et dolore magna aliqua.',NULL,'<p>Lorem ipsum dolor sit amet, consectetur adipisicing elit, sed do eiusmod tempor incididunt ut labore et dolore magna aliqua.Lorem ipsum dolor sit amet, consectetur adipisicing elit, sed do eiusmod tempor incididunt ut labore et dolore magna aliqua.<img alt=\"\" src=\"/documents/photos/blogs/16d9_star_trek_tng_uniform_tee.jpeg\" style=\"width: 262px; height: 262px; float: right; margin: 10px;\" /></p>\r\n\r\n<p>Lorem ipsum dolor sit amet, consectetur adipisicing elit, sed do eiusmod tempor incididunt ut labore et dolore magna aliqua.Lorem ipsum dolor sit amet, consectetur adipisicing elit, sed do eiusmod tempor incididunt ut labore et dolore magna aliqua.</p>\r\n\r\n<p>Lorem ipsum dolor sit amet, consectetur adipisicing elit, sed do eiusmod tempor incididunt ut labore et dolore magna aliqua.Lorem ipsum dolor sit amet, consectetur adipisicing elit, sed do eiusmod tempor incididunt ut labore et dolore magna aliqua.</p>\r\n\r\n<p>Lorem ipsum dolor sit amet, consectetur adipisicing elit, sed do eiusmod tempor incididunt ut labore et dolore magna aliqua.Lorem ipsum dolor sit amet, consectetur adipisicing elit, sed do eiusmod tempor incididunt ut labore et dolore magna aliqua.</p>\r\n\r\n<p>&nbsp;</p>\r\n\r\n<p>&nbsp;</p>'),(35,2,'Easy Polo Black Edition','Lorem ipsum dolor sit amet, consectetur adipisicing elit, sed do eiusmod tempor incididunt ut labore et dolore magna aliqua.',NULL,'<p>Lorem ipsum dolor sit amet, consectetur adipisicing elit, sed do eiusmod tempor incididunt ut labore et dolore magna aliqua.Lorem ipsum dolor sit amet, consectetur adipisicing elit, sed do eiusmod tempor incididunt ut labore et dolore magna aliqua.<img alt=\"\" src=\"/documents/photos/blogs/16d9_star_trek_tng_uniform_tee.jpeg\" style=\"width: 262px; height: 262px; float: right; margin: 10px;\" /></p>\r\n\r\n<p>Lorem ipsum dolor sit amet, consectetur adipisicing elit, sed do eiusmod tempor incididunt ut labore et dolore magna aliqua.Lorem ipsum dolor sit amet, consectetur adipisicing elit, sed do eiusmod tempor incididunt ut labore et dolore magna aliqua.</p>\r\n\r\n<p>Lorem ipsum dolor sit amet, consectetur adipisicing elit, sed do eiusmod tempor incididunt ut labore et dolore magna aliqua.Lorem ipsum dolor sit amet, consectetur adipisicing elit, sed do eiusmod tempor incididunt ut labore et dolore magna aliqua.</p>\r\n\r\n<p>Lorem ipsum dolor sit amet, consectetur adipisicing elit, sed do eiusmod tempor incididunt ut labore et dolore magna aliqua.Lorem ipsum dolor sit amet, consectetur adipisicing elit, sed do eiusmod tempor incididunt ut labore et dolore magna aliqua.</p>\r\n\r\n<p>&nbsp;</p>\r\n\r\n<p>&nbsp;</p>'),(36,1,'Easy Polo Black Edition','Lorem ipsum dolor sit amet, consectetur adipisicing elit, sed do eiusmod tempor incididunt ut labore et dolore magna aliqua.',NULL,'<p>Lorem ipsum dolor sit amet, consectetur adipisicing elit, sed do eiusmod tempor incididunt ut labore et dolore magna aliqua.Lorem ipsum dolor sit amet, consectetur adipisicing elit, sed do eiusmod tempor incididunt ut labore et dolore magna aliqua.<img alt=\"\" src=\"/documents/photos/blogs/16d9_star_trek_tng_uniform_tee.jpeg\" style=\"width: 262px; height: 262px; float: right; margin: 10px;\" /></p>\r\n\r\n<p>Lorem ipsum dolor sit amet, consectetur adipisicing elit, sed do eiusmod tempor incididunt ut labore et dolore magna aliqua.Lorem ipsum dolor sit amet, consectetur adipisicing elit, sed do eiusmod tempor incididunt ut labore et dolore magna aliqua.</p>\r\n\r\n<p>Lorem ipsum dolor sit amet, consectetur adipisicing elit, sed do eiusmod tempor incididunt ut labore et dolore magna aliqua.Lorem ipsum dolor sit amet, consectetur adipisicing elit, sed do eiusmod tempor incididunt ut labore et dolore magna aliqua.</p>\r\n\r\n<p>Lorem ipsum dolor sit amet, consectetur adipisicing elit, sed do eiusmod tempor incididunt ut labore et dolore magna aliqua.Lorem ipsum dolor sit amet, consectetur adipisicing elit, sed do eiusmod tempor incididunt ut labore et dolore magna aliqua.</p>\r\n\r\n<p>&nbsp;</p>\r\n\r\n<p>&nbsp;</p>'),(36,2,'Easy Polo Black Edition','Lorem ipsum dolor sit amet, consectetur adipisicing elit, sed do eiusmod tempor incididunt ut labore et dolore magna aliqua.',NULL,'<p>Lorem ipsum dolor sit amet, consectetur adipisicing elit, sed do eiusmod tempor incididunt ut labore et dolore magna aliqua.Lorem ipsum dolor sit amet, consectetur adipisicing elit, sed do eiusmod tempor incididunt ut labore et dolore magna aliqua.<img alt=\"\" src=\"/documents/photos/blogs/16d9_star_trek_tng_uniform_tee.jpeg\" style=\"width: 262px; height: 262px; float: right; margin: 10px;\" /></p>\r\n\r\n<p>Lorem ipsum dolor sit amet, consectetur adipisicing elit, sed do eiusmod tempor incididunt ut labore et dolore magna aliqua.Lorem ipsum dolor sit amet, consectetur adipisicing elit, sed do eiusmod tempor incididunt ut labore et dolore magna aliqua.</p>\r\n\r\n<p>Lorem ipsum dolor sit amet, consectetur adipisicing elit, sed do eiusmod tempor incididunt ut labore et dolore magna aliqua.Lorem ipsum dolor sit amet, consectetur adipisicing elit, sed do eiusmod tempor incididunt ut labore et dolore magna aliqua.</p>\r\n\r\n<p>Lorem ipsum dolor sit amet, consectetur adipisicing elit, sed do eiusmod tempor incididunt ut labore et dolore magna aliqua.Lorem ipsum dolor sit amet, consectetur adipisicing elit, sed do eiusmod tempor incididunt ut labore et dolore magna aliqua.</p>\r\n\r\n<p>&nbsp;</p>\r\n\r\n<p>&nbsp;</p>'),(37,1,'Easy Polo Black Edition','Lorem ipsum dolor sit amet, consectetur adipisicing elit, sed do eiusmod tempor incididunt ut labore et dolore magna aliqua.',NULL,'<p>Lorem ipsum dolor sit amet, consectetur adipisicing elit, sed do eiusmod tempor incididunt ut labore et dolore magna aliqua.Lorem ipsum dolor sit amet, consectetur adipisicing elit, sed do eiusmod tempor incididunt ut labore et dolore magna aliqua.<img alt=\"\" src=\"/documents/photos/blogs/16d9_star_trek_tng_uniform_tee.jpeg\" style=\"width: 262px; height: 262px; float: right; margin: 10px;\" /></p>\r\n\r\n<p>Lorem ipsum dolor sit amet, consectetur adipisicing elit, sed do eiusmod tempor incididunt ut labore et dolore magna aliqua.Lorem ipsum dolor sit amet, consectetur adipisicing elit, sed do eiusmod tempor incididunt ut labore et dolore magna aliqua.</p>\r\n\r\n<p>Lorem ipsum dolor sit amet, consectetur adipisicing elit, sed do eiusmod tempor incididunt ut labore et dolore magna aliqua.Lorem ipsum dolor sit amet, consectetur adipisicing elit, sed do eiusmod tempor incididunt ut labore et dolore magna aliqua.</p>\r\n\r\n<p>Lorem ipsum dolor sit amet, consectetur adipisicing elit, sed do eiusmod tempor incididunt ut labore et dolore magna aliqua.Lorem ipsum dolor sit amet, consectetur adipisicing elit, sed do eiusmod tempor incididunt ut labore et dolore magna aliqua.</p>\r\n\r\n<p>&nbsp;</p>\r\n\r\n<p>&nbsp;</p>'),(37,2,'Easy Polo Black Edition','Lorem ipsum dolor sit amet, consectetur adipisicing elit, sed do eiusmod tempor incididunt ut labore et dolore magna aliqua.',NULL,'<p>Lorem ipsum dolor sit amet, consectetur adipisicing elit, sed do eiusmod tempor incididunt ut labore et dolore magna aliqua.Lorem ipsum dolor sit amet, consectetur adipisicing elit, sed do eiusmod tempor incididunt ut labore et dolore magna aliqua.<img alt=\"\" src=\"/documents/photos/blogs/16d9_star_trek_tng_uniform_tee.jpeg\" style=\"width: 262px; height: 262px; float: right; margin: 10px;\" /></p>\r\n\r\n<p>Lorem ipsum dolor sit amet, consectetur adipisicing elit, sed do eiusmod tempor incididunt ut labore et dolore magna aliqua.Lorem ipsum dolor sit amet, consectetur adipisicing elit, sed do eiusmod tempor incididunt ut labore et dolore magna aliqua.</p>\r\n\r\n<p>Lorem ipsum dolor sit amet, consectetur adipisicing elit, sed do eiusmod tempor incididunt ut labore et dolore magna aliqua.Lorem ipsum dolor sit amet, consectetur adipisicing elit, sed do eiusmod tempor incididunt ut labore et dolore magna aliqua.</p>\r\n\r\n<p>Lorem ipsum dolor sit amet, consectetur adipisicing elit, sed do eiusmod tempor incididunt ut labore et dolore magna aliqua.Lorem ipsum dolor sit amet, consectetur adipisicing elit, sed do eiusmod tempor incididunt ut labore et dolore magna aliqua.</p>\r\n\r\n<p>&nbsp;</p>\r\n\r\n<p>&nbsp;</p>'),(38,1,'Easy Polo Black Edition','Lorem ipsum dolor sit amet, consectetur adipisicing elit, sed do eiusmod tempor incididunt ut labore et dolore magna aliqua.',NULL,'<p>Lorem ipsum dolor sit amet, consectetur adipisicing elit, sed do eiusmod tempor incididunt ut labore et dolore magna aliqua.Lorem ipsum dolor sit amet, consectetur adipisicing elit, sed do eiusmod tempor incididunt ut labore et dolore magna aliqua.<img alt=\"\" src=\"/documents/photos/blogs/16d9_star_trek_tng_uniform_tee.jpeg\" style=\"width: 262px; height: 262px; float: right; margin: 10px;\" /></p>\r\n\r\n<p>Lorem ipsum dolor sit amet, consectetur adipisicing elit, sed do eiusmod tempor incididunt ut labore et dolore magna aliqua.Lorem ipsum dolor sit amet, consectetur adipisicing elit, sed do eiusmod tempor incididunt ut labore et dolore magna aliqua.</p>\r\n\r\n<p>Lorem ipsum dolor sit amet, consectetur adipisicing elit, sed do eiusmod tempor incididunt ut labore et dolore magna aliqua.Lorem ipsum dolor sit amet, consectetur adipisicing elit, sed do eiusmod tempor incididunt ut labore et dolore magna aliqua.</p>\r\n\r\n<p>Lorem ipsum dolor sit amet, consectetur adipisicing elit, sed do eiusmod tempor incididunt ut labore et dolore magna aliqua.Lorem ipsum dolor sit amet, consectetur adipisicing elit, sed do eiusmod tempor incididunt ut labore et dolore magna aliqua.</p>\r\n\r\n<p>&nbsp;</p>\r\n\r\n<p>&nbsp;</p>'),(38,2,'Easy Polo Black Edition','Lorem ipsum dolor sit amet, consectetur adipisicing elit, sed do eiusmod tempor incididunt ut labore et dolore magna aliqua.',NULL,'<p>Lorem ipsum dolor sit amet, consectetur adipisicing elit, sed do eiusmod tempor incididunt ut labore et dolore magna aliqua.Lorem ipsum dolor sit amet, consectetur adipisicing elit, sed do eiusmod tempor incididunt ut labore et dolore magna aliqua.<img alt=\"\" src=\"/documents/photos/blogs/16d9_star_trek_tng_uniform_tee.jpeg\" style=\"width: 262px; height: 262px; float: right; margin: 10px;\" /></p>\r\n\r\n<p>Lorem ipsum dolor sit amet, consectetur adipisicing elit, sed do eiusmod tempor incididunt ut labore et dolore magna aliqua.Lorem ipsum dolor sit amet, consectetur adipisicing elit, sed do eiusmod tempor incididunt ut labore et dolore magna aliqua.</p>\r\n\r\n<p>Lorem ipsum dolor sit amet, consectetur adipisicing elit, sed do eiusmod tempor incididunt ut labore et dolore magna aliqua.Lorem ipsum dolor sit amet, consectetur adipisicing elit, sed do eiusmod tempor incididunt ut labore et dolore magna aliqua.</p>\r\n\r\n<p>Lorem ipsum dolor sit amet, consectetur adipisicing elit, sed do eiusmod tempor incididunt ut labore et dolore magna aliqua.Lorem ipsum dolor sit amet, consectetur adipisicing elit, sed do eiusmod tempor incididunt ut labore et dolore magna aliqua.</p>\r\n\r\n<p>&nbsp;</p>\r\n\r\n<p>&nbsp;</p>'),(39,1,'Easy Polo Black Edition','Lorem ipsum dolor sit amet, consectetur adipisicing elit, sed do eiusmod tempor incididunt ut labore et dolore magna aliqua.',NULL,'<p>Lorem ipsum dolor sit amet, consectetur adipisicing elit, sed do eiusmod tempor incididunt ut labore et dolore magna aliqua.Lorem ipsum dolor sit amet, consectetur adipisicing elit, sed do eiusmod tempor incididunt ut labore et dolore magna aliqua.<img alt=\"\" src=\"/documents/photos/blogs/16d9_star_trek_tng_uniform_tee.jpeg\" style=\"width: 262px; height: 262px; float: right; margin: 10px;\" /></p>\r\n\r\n<p>Lorem ipsum dolor sit amet, consectetur adipisicing elit, sed do eiusmod tempor incididunt ut labore et dolore magna aliqua.Lorem ipsum dolor sit amet, consectetur adipisicing elit, sed do eiusmod tempor incididunt ut labore et dolore magna aliqua.</p>\r\n\r\n<p>Lorem ipsum dolor sit amet, consectetur adipisicing elit, sed do eiusmod tempor incididunt ut labore et dolore magna aliqua.Lorem ipsum dolor sit amet, consectetur adipisicing elit, sed do eiusmod tempor incididunt ut labore et dolore magna aliqua.</p>\r\n\r\n<p>Lorem ipsum dolor sit amet, consectetur adipisicing elit, sed do eiusmod tempor incididunt ut labore et dolore magna aliqua.Lorem ipsum dolor sit amet, consectetur adipisicing elit, sed do eiusmod tempor incididunt ut labore et dolore magna aliqua.</p>\r\n\r\n<p>&nbsp;</p>\r\n\r\n<p>&nbsp;</p>'),(39,2,'Easy Polo Black Edition','Lorem ipsum dolor sit amet, consectetur adipisicing elit, sed do eiusmod tempor incididunt ut labore et dolore magna aliqua.',NULL,'<p>Lorem ipsum dolor sit amet, consectetur adipisicing elit, sed do eiusmod tempor incididunt ut labore et dolore magna aliqua.Lorem ipsum dolor sit amet, consectetur adipisicing elit, sed do eiusmod tempor incididunt ut labore et dolore magna aliqua.<img alt=\"\" src=\"/documents/photos/blogs/16d9_star_trek_tng_uniform_tee.jpeg\" style=\"width: 262px; height: 262px; float: right; margin: 10px;\" /></p>\r\n\r\n<p>Lorem ipsum dolor sit amet, consectetur adipisicing elit, sed do eiusmod tempor incididunt ut labore et dolore magna aliqua.Lorem ipsum dolor sit amet, consectetur adipisicing elit, sed do eiusmod tempor incididunt ut labore et dolore magna aliqua.</p>\r\n\r\n<p>Lorem ipsum dolor sit amet, consectetur adipisicing elit, sed do eiusmod tempor incididunt ut labore et dolore magna aliqua.Lorem ipsum dolor sit amet, consectetur adipisicing elit, sed do eiusmod tempor incididunt ut labore et dolore magna aliqua.</p>\r\n\r\n<p>Lorem ipsum dolor sit amet, consectetur adipisicing elit, sed do eiusmod tempor incididunt ut labore et dolore magna aliqua.Lorem ipsum dolor sit amet, consectetur adipisicing elit, sed do eiusmod tempor incididunt ut labore et dolore magna aliqua.</p>\r\n\r\n<p>&nbsp;</p>\r\n\r\n<p>&nbsp;</p>'),(40,1,'Easy Polo Black Edition','Lorem ipsum dolor sit amet, consectetur adipisicing elit, sed do eiusmod tempor incididunt ut labore et dolore magna aliqua.',NULL,'<p>Lorem ipsum dolor sit amet, consectetur adipisicing elit, sed do eiusmod tempor incididunt ut labore et dolore magna aliqua.Lorem ipsum dolor sit amet, consectetur adipisicing elit, sed do eiusmod tempor incididunt ut labore et dolore magna aliqua.<img alt=\"\" src=\"/documents/photos/blogs/16d9_star_trek_tng_uniform_tee.jpeg\" style=\"width: 262px; height: 262px; float: right; margin: 10px;\" /></p>\r\n\r\n<p>Lorem ipsum dolor sit amet, consectetur adipisicing elit, sed do eiusmod tempor incididunt ut labore et dolore magna aliqua.Lorem ipsum dolor sit amet, consectetur adipisicing elit, sed do eiusmod tempor incididunt ut labore et dolore magna aliqua.</p>\r\n\r\n<p>Lorem ipsum dolor sit amet, consectetur adipisicing elit, sed do eiusmod tempor incididunt ut labore et dolore magna aliqua.Lorem ipsum dolor sit amet, consectetur adipisicing elit, sed do eiusmod tempor incididunt ut labore et dolore magna aliqua.</p>\r\n\r\n<p>Lorem ipsum dolor sit amet, consectetur adipisicing elit, sed do eiusmod tempor incididunt ut labore et dolore magna aliqua.Lorem ipsum dolor sit amet, consectetur adipisicing elit, sed do eiusmod tempor incididunt ut labore et dolore magna aliqua.</p>\r\n\r\n<p>&nbsp;</p>\r\n\r\n<p>&nbsp;</p>'),(40,2,'Easy Polo Black Edition','Lorem ipsum dolor sit amet, consectetur adipisicing elit, sed do eiusmod tempor incididunt ut labore et dolore magna aliqua.',NULL,'<p>Lorem ipsum dolor sit amet, consectetur adipisicing elit, sed do eiusmod tempor incididunt ut labore et dolore magna aliqua.Lorem ipsum dolor sit amet, consectetur adipisicing elit, sed do eiusmod tempor incididunt ut labore et dolore magna aliqua.<img alt=\"\" src=\"/documents/photos/blogs/16d9_star_trek_tng_uniform_tee.jpeg\" style=\"width: 262px; height: 262px; float: right; margin: 10px;\" /></p>\r\n\r\n<p>Lorem ipsum dolor sit amet, consectetur adipisicing elit, sed do eiusmod tempor incididunt ut labore et dolore magna aliqua.Lorem ipsum dolor sit amet, consectetur adipisicing elit, sed do eiusmod tempor incididunt ut labore et dolore magna aliqua.</p>\r\n\r\n<p>Lorem ipsum dolor sit amet, consectetur adipisicing elit, sed do eiusmod tempor incididunt ut labore et dolore magna aliqua.Lorem ipsum dolor sit amet, consectetur adipisicing elit, sed do eiusmod tempor incididunt ut labore et dolore magna aliqua.</p>\r\n\r\n<p>Lorem ipsum dolor sit amet, consectetur adipisicing elit, sed do eiusmod tempor incididunt ut labore et dolore magna aliqua.Lorem ipsum dolor sit amet, consectetur adipisicing elit, sed do eiusmod tempor incididunt ut labore et dolore magna aliqua.</p>\r\n\r\n<p>&nbsp;</p>\r\n\r\n<p>&nbsp;</p>'),(41,1,'Easy Polo Black Edition','Lorem ipsum dolor sit amet, consectetur adipisicing elit, sed do eiusmod tempor incididunt ut labore et dolore magna aliqua.',NULL,'<p>Lorem ipsum dolor sit amet, consectetur adipisicing elit, sed do eiusmod tempor incididunt ut labore et dolore magna aliqua.Lorem ipsum dolor sit amet, consectetur adipisicing elit, sed do eiusmod tempor incididunt ut labore et dolore magna aliqua.<img alt=\"\" src=\"/documents/photos/blogs/16d9_star_trek_tng_uniform_tee.jpeg\" style=\"width: 262px; height: 262px; float: right; margin: 10px;\" /></p>\r\n\r\n<p>Lorem ipsum dolor sit amet, consectetur adipisicing elit, sed do eiusmod tempor incididunt ut labore et dolore magna aliqua.Lorem ipsum dolor sit amet, consectetur adipisicing elit, sed do eiusmod tempor incididunt ut labore et dolore magna aliqua.</p>\r\n\r\n<p>Lorem ipsum dolor sit amet, consectetur adipisicing elit, sed do eiusmod tempor incididunt ut labore et dolore magna aliqua.Lorem ipsum dolor sit amet, consectetur adipisicing elit, sed do eiusmod tempor incididunt ut labore et dolore magna aliqua.</p>\r\n\r\n<p>Lorem ipsum dolor sit amet, consectetur adipisicing elit, sed do eiusmod tempor incididunt ut labore et dolore magna aliqua.Lorem ipsum dolor sit amet, consectetur adipisicing elit, sed do eiusmod tempor incididunt ut labore et dolore magna aliqua.</p>\r\n\r\n<p>&nbsp;</p>\r\n\r\n<p>&nbsp;</p>'),(41,2,'Easy Polo Black Edition','Lorem ipsum dolor sit amet, consectetur adipisicing elit, sed do eiusmod tempor incididunt ut labore et dolore magna aliqua.',NULL,'<p>Lorem ipsum dolor sit amet, consectetur adipisicing elit, sed do eiusmod tempor incididunt ut labore et dolore magna aliqua.Lorem ipsum dolor sit amet, consectetur adipisicing elit, sed do eiusmod tempor incididunt ut labore et dolore magna aliqua.<img alt=\"\" src=\"/documents/photos/blogs/16d9_star_trek_tng_uniform_tee.jpeg\" style=\"width: 262px; height: 262px; float: right; margin: 10px;\" /></p>\r\n\r\n<p>Lorem ipsum dolor sit amet, consectetur adipisicing elit, sed do eiusmod tempor incididunt ut labore et dolore magna aliqua.Lorem ipsum dolor sit amet, consectetur adipisicing elit, sed do eiusmod tempor incididunt ut labore et dolore magna aliqua.</p>\r\n\r\n<p>Lorem ipsum dolor sit amet, consectetur adipisicing elit, sed do eiusmod tempor incididunt ut labore et dolore magna aliqua.Lorem ipsum dolor sit amet, consectetur adipisicing elit, sed do eiusmod tempor incididunt ut labore et dolore magna aliqua.</p>\r\n\r\n<p>Lorem ipsum dolor sit amet, consectetur adipisicing elit, sed do eiusmod tempor incididunt ut labore et dolore magna aliqua.Lorem ipsum dolor sit amet, consectetur adipisicing elit, sed do eiusmod tempor incididunt ut labore et dolore magna aliqua.</p>\r\n\r\n<p>&nbsp;</p>\r\n\r\n<p>&nbsp;</p>'),(42,1,'Easy Polo Black Edition','Lorem ipsum dolor sit amet, consectetur adipisicing elit, sed do eiusmod tempor incididunt ut labore et dolore magna aliqua.',NULL,'<p>Lorem ipsum dolor sit amet, consectetur adipisicing elit, sed do eiusmod tempor incididunt ut labore et dolore magna aliqua.Lorem ipsum dolor sit amet, consectetur adipisicing elit, sed do eiusmod tempor incididunt ut labore et dolore magna aliqua.<img alt=\"\" src=\"/documents/photos/blogs/16d9_star_trek_tng_uniform_tee.jpeg\" style=\"width: 262px; height: 262px; float: right; margin: 10px;\" /></p>\r\n\r\n<p>Lorem ipsum dolor sit amet, consectetur adipisicing elit, sed do eiusmod tempor incididunt ut labore et dolore magna aliqua.Lorem ipsum dolor sit amet, consectetur adipisicing elit, sed do eiusmod tempor incididunt ut labore et dolore magna aliqua.</p>\r\n\r\n<p>Lorem ipsum dolor sit amet, consectetur adipisicing elit, sed do eiusmod tempor incididunt ut labore et dolore magna aliqua.Lorem ipsum dolor sit amet, consectetur adipisicing elit, sed do eiusmod tempor incididunt ut labore et dolore magna aliqua.</p>\r\n\r\n<p>Lorem ipsum dolor sit amet, consectetur adipisicing elit, sed do eiusmod tempor incididunt ut labore et dolore magna aliqua.Lorem ipsum dolor sit amet, consectetur adipisicing elit, sed do eiusmod tempor incididunt ut labore et dolore magna aliqua.</p>\r\n\r\n<p>&nbsp;</p>\r\n\r\n<p>&nbsp;</p>'),(42,2,'Easy Polo Black Edition','Lorem ipsum dolor sit amet, consectetur adipisicing elit, sed do eiusmod tempor incididunt ut labore et dolore magna aliqua.',NULL,'<p>Lorem ipsum dolor sit amet, consectetur adipisicing elit, sed do eiusmod tempor incididunt ut labore et dolore magna aliqua.Lorem ipsum dolor sit amet, consectetur adipisicing elit, sed do eiusmod tempor incididunt ut labore et dolore magna aliqua.<img alt=\"\" src=\"/documents/photos/blogs/16d9_star_trek_tng_uniform_tee.jpeg\" style=\"width: 262px; height: 262px; float: right; margin: 10px;\" /></p>\r\n\r\n<p>Lorem ipsum dolor sit amet, consectetur adipisicing elit, sed do eiusmod tempor incididunt ut labore et dolore magna aliqua.Lorem ipsum dolor sit amet, consectetur adipisicing elit, sed do eiusmod tempor incididunt ut labore et dolore magna aliqua.</p>\r\n\r\n<p>Lorem ipsum dolor sit amet, consectetur adipisicing elit, sed do eiusmod tempor incididunt ut labore et dolore magna aliqua.Lorem ipsum dolor sit amet, consectetur adipisicing elit, sed do eiusmod tempor incididunt ut labore et dolore magna aliqua.</p>\r\n\r\n<p>Lorem ipsum dolor sit amet, consectetur adipisicing elit, sed do eiusmod tempor incididunt ut labore et dolore magna aliqua.Lorem ipsum dolor sit amet, consectetur adipisicing elit, sed do eiusmod tempor incididunt ut labore et dolore magna aliqua.</p>\r\n\r\n<p>&nbsp;</p>\r\n\r\n<p>&nbsp;</p>'),(43,1,'Easy Polo Black Edition','Lorem ipsum dolor sit amet, consectetur adipisicing elit, sed do eiusmod tempor incididunt ut labore et dolore magna aliqua.',NULL,'<p>Lorem ipsum dolor sit amet, consectetur adipisicing elit, sed do eiusmod tempor incididunt ut labore et dolore magna aliqua.Lorem ipsum dolor sit amet, consectetur adipisicing elit, sed do eiusmod tempor incididunt ut labore et dolore magna aliqua.<img alt=\"\" src=\"/documents/photos/blogs/16d9_star_trek_tng_uniform_tee.jpeg\" style=\"width: 262px; height: 262px; float: right; margin: 10px;\" /></p>\r\n\r\n<p>Lorem ipsum dolor sit amet, consectetur adipisicing elit, sed do eiusmod tempor incididunt ut labore et dolore magna aliqua.Lorem ipsum dolor sit amet, consectetur adipisicing elit, sed do eiusmod tempor incididunt ut labore et dolore magna aliqua.</p>\r\n\r\n<p>Lorem ipsum dolor sit amet, consectetur adipisicing elit, sed do eiusmod tempor incididunt ut labore et dolore magna aliqua.Lorem ipsum dolor sit amet, consectetur adipisicing elit, sed do eiusmod tempor incididunt ut labore et dolore magna aliqua.</p>\r\n\r\n<p>Lorem ipsum dolor sit amet, consectetur adipisicing elit, sed do eiusmod tempor incididunt ut labore et dolore magna aliqua.Lorem ipsum dolor sit amet, consectetur adipisicing elit, sed do eiusmod tempor incididunt ut labore et dolore magna aliqua.</p>\r\n\r\n<p>&nbsp;</p>\r\n\r\n<p>&nbsp;</p>'),(43,2,'Easy Polo Black Edition','Lorem ipsum dolor sit amet, consectetur adipisicing elit, sed do eiusmod tempor incididunt ut labore et dolore magna aliqua.',NULL,'<p>Lorem ipsum dolor sit amet, consectetur adipisicing elit, sed do eiusmod tempor incididunt ut labore et dolore magna aliqua.Lorem ipsum dolor sit amet, consectetur adipisicing elit, sed do eiusmod tempor incididunt ut labore et dolore magna aliqua.<img alt=\"\" src=\"/documents/photos/blogs/16d9_star_trek_tng_uniform_tee.jpeg\" style=\"width: 262px; height: 262px; float: right; margin: 10px;\" /></p>\r\n\r\n<p>Lorem ipsum dolor sit amet, consectetur adipisicing elit, sed do eiusmod tempor incididunt ut labore et dolore magna aliqua.Lorem ipsum dolor sit amet, consectetur adipisicing elit, sed do eiusmod tempor incididunt ut labore et dolore magna aliqua.</p>\r\n\r\n<p>Lorem ipsum dolor sit amet, consectetur adipisicing elit, sed do eiusmod tempor incididunt ut labore et dolore magna aliqua.Lorem ipsum dolor sit amet, consectetur adipisicing elit, sed do eiusmod tempor incididunt ut labore et dolore magna aliqua.</p>\r\n\r\n<p>Lorem ipsum dolor sit amet, consectetur adipisicing elit, sed do eiusmod tempor incididunt ut labore et dolore magna aliqua.Lorem ipsum dolor sit amet, consectetur adipisicing elit, sed do eiusmod tempor incididunt ut labore et dolore magna aliqua.</p>\r\n\r\n<p>&nbsp;</p>\r\n\r\n<p>&nbsp;</p>'),(44,1,'Easy Polo Black Edition','Lorem ipsum dolor sit amet, consectetur adipisicing elit, sed do eiusmod tempor incididunt ut labore et dolore magna aliqua.',NULL,'<p>Lorem ipsum dolor sit amet, consectetur adipisicing elit, sed do eiusmod tempor incididunt ut labore et dolore magna aliqua.Lorem ipsum dolor sit amet, consectetur adipisicing elit, sed do eiusmod tempor incididunt ut labore et dolore magna aliqua.<img alt=\"\" src=\"/documents/photos/blogs/16d9_star_trek_tng_uniform_tee.jpeg\" style=\"width: 262px; height: 262px; float: right; margin: 10px;\" /></p>\r\n\r\n<p>Lorem ipsum dolor sit amet, consectetur adipisicing elit, sed do eiusmod tempor incididunt ut labore et dolore magna aliqua.Lorem ipsum dolor sit amet, consectetur adipisicing elit, sed do eiusmod tempor incididunt ut labore et dolore magna aliqua.</p>\r\n\r\n<p>Lorem ipsum dolor sit amet, consectetur adipisicing elit, sed do eiusmod tempor incididunt ut labore et dolore magna aliqua.Lorem ipsum dolor sit amet, consectetur adipisicing elit, sed do eiusmod tempor incididunt ut labore et dolore magna aliqua.</p>\r\n\r\n<p>Lorem ipsum dolor sit amet, consectetur adipisicing elit, sed do eiusmod tempor incididunt ut labore et dolore magna aliqua.Lorem ipsum dolor sit amet, consectetur adipisicing elit, sed do eiusmod tempor incididunt ut labore et dolore magna aliqua.</p>\r\n\r\n<p>&nbsp;</p>\r\n\r\n<p>&nbsp;</p>'),(44,2,'Easy Polo Black Edition','Lorem ipsum dolor sit amet, consectetur adipisicing elit, sed do eiusmod tempor incididunt ut labore et dolore magna aliqua.',NULL,'<p>Lorem ipsum dolor sit amet, consectetur adipisicing elit, sed do eiusmod tempor incididunt ut labore et dolore magna aliqua.Lorem ipsum dolor sit amet, consectetur adipisicing elit, sed do eiusmod tempor incididunt ut labore et dolore magna aliqua.<img alt=\"\" src=\"/documents/photos/blogs/16d9_star_trek_tng_uniform_tee.jpeg\" style=\"width: 262px; height: 262px; float: right; margin: 10px;\" /></p>\r\n\r\n<p>Lorem ipsum dolor sit amet, consectetur adipisicing elit, sed do eiusmod tempor incididunt ut labore et dolore magna aliqua.Lorem ipsum dolor sit amet, consectetur adipisicing elit, sed do eiusmod tempor incididunt ut labore et dolore magna aliqua.</p>\r\n\r\n<p>Lorem ipsum dolor sit amet, consectetur adipisicing elit, sed do eiusmod tempor incididunt ut labore et dolore magna aliqua.Lorem ipsum dolor sit amet, consectetur adipisicing elit, sed do eiusmod tempor incididunt ut labore et dolore magna aliqua.</p>\r\n\r\n<p>Lorem ipsum dolor sit amet, consectetur adipisicing elit, sed do eiusmod tempor incididunt ut labore et dolore magna aliqua.Lorem ipsum dolor sit amet, consectetur adipisicing elit, sed do eiusmod tempor incididunt ut labore et dolore magna aliqua.</p>\r\n\r\n<p>&nbsp;</p>\r\n\r\n<p>&nbsp;</p>'),(45,1,'Easy Polo Black Edition','Lorem ipsum dolor sit amet, consectetur adipisicing elit, sed do eiusmod tempor incididunt ut labore et dolore magna aliqua.',NULL,'<p>Lorem ipsum dolor sit amet, consectetur adipisicing elit, sed do eiusmod tempor incididunt ut labore et dolore magna aliqua.Lorem ipsum dolor sit amet, consectetur adipisicing elit, sed do eiusmod tempor incididunt ut labore et dolore magna aliqua.<img alt=\"\" src=\"/documents/photos/blogs/16d9_star_trek_tng_uniform_tee.jpeg\" style=\"width: 262px; height: 262px; float: right; margin: 10px;\" /></p>\r\n\r\n<p>Lorem ipsum dolor sit amet, consectetur adipisicing elit, sed do eiusmod tempor incididunt ut labore et dolore magna aliqua.Lorem ipsum dolor sit amet, consectetur adipisicing elit, sed do eiusmod tempor incididunt ut labore et dolore magna aliqua.</p>\r\n\r\n<p>Lorem ipsum dolor sit amet, consectetur adipisicing elit, sed do eiusmod tempor incididunt ut labore et dolore magna aliqua.Lorem ipsum dolor sit amet, consectetur adipisicing elit, sed do eiusmod tempor incididunt ut labore et dolore magna aliqua.</p>\r\n\r\n<p>Lorem ipsum dolor sit amet, consectetur adipisicing elit, sed do eiusmod tempor incididunt ut labore et dolore magna aliqua.Lorem ipsum dolor sit amet, consectetur adipisicing elit, sed do eiusmod tempor incididunt ut labore et dolore magna aliqua.</p>\r\n\r\n<p>&nbsp;</p>\r\n\r\n<p>&nbsp;</p>'),(45,2,'Easy Polo Black Edition','Lorem ipsum dolor sit amet, consectetur adipisicing elit, sed do eiusmod tempor incididunt ut labore et dolore magna aliqua.',NULL,'<p>Lorem ipsum dolor sit amet, consectetur adipisicing elit, sed do eiusmod tempor incididunt ut labore et dolore magna aliqua.Lorem ipsum dolor sit amet, consectetur adipisicing elit, sed do eiusmod tempor incididunt ut labore et dolore magna aliqua.<img alt=\"\" src=\"/documents/photos/blogs/16d9_star_trek_tng_uniform_tee.jpeg\" style=\"width: 262px; height: 262px; float: right; margin: 10px;\" /></p>\r\n\r\n<p>Lorem ipsum dolor sit amet, consectetur adipisicing elit, sed do eiusmod tempor incididunt ut labore et dolore magna aliqua.Lorem ipsum dolor sit amet, consectetur adipisicing elit, sed do eiusmod tempor incididunt ut labore et dolore magna aliqua.</p>\r\n\r\n<p>Lorem ipsum dolor sit amet, consectetur adipisicing elit, sed do eiusmod tempor incididunt ut labore et dolore magna aliqua.Lorem ipsum dolor sit amet, consectetur adipisicing elit, sed do eiusmod tempor incididunt ut labore et dolore magna aliqua.</p>\r\n\r\n<p>Lorem ipsum dolor sit amet, consectetur adipisicing elit, sed do eiusmod tempor incididunt ut labore et dolore magna aliqua.Lorem ipsum dolor sit amet, consectetur adipisicing elit, sed do eiusmod tempor incididunt ut labore et dolore magna aliqua.</p>\r\n\r\n<p>&nbsp;</p>\r\n\r\n<p>&nbsp;</p>'),(46,1,'Easy Polo Black Edition','Lorem ipsum dolor sit amet, consectetur adipisicing elit, sed do eiusmod tempor incididunt ut labore et dolore magna aliqua.',NULL,'<p>Lorem ipsum dolor sit amet, consectetur adipisicing elit, sed do eiusmod tempor incididunt ut labore et dolore magna aliqua.Lorem ipsum dolor sit amet, consectetur adipisicing elit, sed do eiusmod tempor incididunt ut labore et dolore magna aliqua.<img alt=\"\" src=\"/documents/photos/blogs/16d9_star_trek_tng_uniform_tee.jpeg\" style=\"width: 262px; height: 262px; float: right; margin: 10px;\" /></p>\r\n\r\n<p>Lorem ipsum dolor sit amet, consectetur adipisicing elit, sed do eiusmod tempor incididunt ut labore et dolore magna aliqua.Lorem ipsum dolor sit amet, consectetur adipisicing elit, sed do eiusmod tempor incididunt ut labore et dolore magna aliqua.</p>\r\n\r\n<p>Lorem ipsum dolor sit amet, consectetur adipisicing elit, sed do eiusmod tempor incididunt ut labore et dolore magna aliqua.Lorem ipsum dolor sit amet, consectetur adipisicing elit, sed do eiusmod tempor incididunt ut labore et dolore magna aliqua.</p>\r\n\r\n<p>Lorem ipsum dolor sit amet, consectetur adipisicing elit, sed do eiusmod tempor incididunt ut labore et dolore magna aliqua.Lorem ipsum dolor sit amet, consectetur adipisicing elit, sed do eiusmod tempor incididunt ut labore et dolore magna aliqua.</p>\r\n\r\n<p>&nbsp;</p>\r\n\r\n<p>&nbsp;</p>'),(46,2,'Easy Polo Black Edition','Lorem ipsum dolor sit amet, consectetur adipisicing elit, sed do eiusmod tempor incididunt ut labore et dolore magna aliqua.',NULL,'<p>Lorem ipsum dolor sit amet, consectetur adipisicing elit, sed do eiusmod tempor incididunt ut labore et dolore magna aliqua.Lorem ipsum dolor sit amet, consectetur adipisicing elit, sed do eiusmod tempor incididunt ut labore et dolore magna aliqua.<img alt=\"\" src=\"/documents/photos/blogs/16d9_star_trek_tng_uniform_tee.jpeg\" style=\"width: 262px; height: 262px; float: right; margin: 10px;\" /></p>\r\n\r\n<p>Lorem ipsum dolor sit amet, consectetur adipisicing elit, sed do eiusmod tempor incididunt ut labore et dolore magna aliqua.Lorem ipsum dolor sit amet, consectetur adipisicing elit, sed do eiusmod tempor incididunt ut labore et dolore magna aliqua.</p>\r\n\r\n<p>Lorem ipsum dolor sit amet, consectetur adipisicing elit, sed do eiusmod tempor incididunt ut labore et dolore magna aliqua.Lorem ipsum dolor sit amet, consectetur adipisicing elit, sed do eiusmod tempor incididunt ut labore et dolore magna aliqua.</p>\r\n\r\n<p>Lorem ipsum dolor sit amet, consectetur adipisicing elit, sed do eiusmod tempor incididunt ut labore et dolore magna aliqua.Lorem ipsum dolor sit amet, consectetur adipisicing elit, sed do eiusmod tempor incididunt ut labore et dolore magna aliqua.</p>\r\n\r\n<p>&nbsp;</p>\r\n\r\n<p>&nbsp;</p>'),(47,1,'Easy Polo Black Edition','Lorem ipsum dolor sit amet, consectetur adipisicing elit, sed do eiusmod tempor incididunt ut labore et dolore magna aliqua.',NULL,'<p>Lorem ipsum dolor sit amet, consectetur adipisicing elit, sed do eiusmod tempor incididunt ut labore et dolore magna aliqua.Lorem ipsum dolor sit amet, consectetur adipisicing elit, sed do eiusmod tempor incididunt ut labore et dolore magna aliqua.<img alt=\"\" src=\"/documents/photos/blogs/16d9_star_trek_tng_uniform_tee.jpeg\" style=\"width: 262px; height: 262px; float: right; margin: 10px;\" /></p>\r\n\r\n<p>Lorem ipsum dolor sit amet, consectetur adipisicing elit, sed do eiusmod tempor incididunt ut labore et dolore magna aliqua.Lorem ipsum dolor sit amet, consectetur adipisicing elit, sed do eiusmod tempor incididunt ut labore et dolore magna aliqua.</p>\r\n\r\n<p>Lorem ipsum dolor sit amet, consectetur adipisicing elit, sed do eiusmod tempor incididunt ut labore et dolore magna aliqua.Lorem ipsum dolor sit amet, consectetur adipisicing elit, sed do eiusmod tempor incididunt ut labore et dolore magna aliqua.</p>\r\n\r\n<p>Lorem ipsum dolor sit amet, consectetur adipisicing elit, sed do eiusmod tempor incididunt ut labore et dolore magna aliqua.Lorem ipsum dolor sit amet, consectetur adipisicing elit, sed do eiusmod tempor incididunt ut labore et dolore magna aliqua.</p>\r\n\r\n<p>&nbsp;</p>\r\n\r\n<p>&nbsp;</p>'),(47,2,'Easy Polo Black Edition','Lorem ipsum dolor sit amet, consectetur adipisicing elit, sed do eiusmod tempor incididunt ut labore et dolore magna aliqua.',NULL,'<p>Lorem ipsum dolor sit amet, consectetur adipisicing elit, sed do eiusmod tempor incididunt ut labore et dolore magna aliqua.Lorem ipsum dolor sit amet, consectetur adipisicing elit, sed do eiusmod tempor incididunt ut labore et dolore magna aliqua.<img alt=\"\" src=\"/documents/photos/blogs/16d9_star_trek_tng_uniform_tee.jpeg\" style=\"width: 262px; height: 262px; float: right; margin: 10px;\" /></p>\r\n\r\n<p>Lorem ipsum dolor sit amet, consectetur adipisicing elit, sed do eiusmod tempor incididunt ut labore et dolore magna aliqua.Lorem ipsum dolor sit amet, consectetur adipisicing elit, sed do eiusmod tempor incididunt ut labore et dolore magna aliqua.</p>\r\n\r\n<p>Lorem ipsum dolor sit amet, consectetur adipisicing elit, sed do eiusmod tempor incididunt ut labore et dolore magna aliqua.Lorem ipsum dolor sit amet, consectetur adipisicing elit, sed do eiusmod tempor incididunt ut labore et dolore magna aliqua.</p>\r\n\r\n<p>Lorem ipsum dolor sit amet, consectetur adipisicing elit, sed do eiusmod tempor incididunt ut labore et dolore magna aliqua.Lorem ipsum dolor sit amet, consectetur adipisicing elit, sed do eiusmod tempor incididunt ut labore et dolore magna aliqua.</p>\r\n\r\n<p>&nbsp;</p>\r\n\r\n<p>&nbsp;</p>'),(48,1,'Easy Polo Black Edition','Lorem ipsum dolor sit amet, consectetur adipisicing elit, sed do eiusmod tempor incididunt ut labore et dolore magna aliqua.',NULL,'<p>Lorem ipsum dolor sit amet, consectetur adipisicing elit, sed do eiusmod tempor incididunt ut labore et dolore magna aliqua.Lorem ipsum dolor sit amet, consectetur adipisicing elit, sed do eiusmod tempor incididunt ut labore et dolore magna aliqua.<img alt=\"\" src=\"/documents/photos/blogs/16d9_star_trek_tng_uniform_tee.jpeg\" style=\"width: 262px; height: 262px; float: right; margin: 10px;\" /></p>\r\n\r\n<p>Lorem ipsum dolor sit amet, consectetur adipisicing elit, sed do eiusmod tempor incididunt ut labore et dolore magna aliqua.Lorem ipsum dolor sit amet, consectetur adipisicing elit, sed do eiusmod tempor incididunt ut labore et dolore magna aliqua.</p>\r\n\r\n<p>Lorem ipsum dolor sit amet, consectetur adipisicing elit, sed do eiusmod tempor incididunt ut labore et dolore magna aliqua.Lorem ipsum dolor sit amet, consectetur adipisicing elit, sed do eiusmod tempor incididunt ut labore et dolore magna aliqua.</p>\r\n\r\n<p>Lorem ipsum dolor sit amet, consectetur adipisicing elit, sed do eiusmod tempor incididunt ut labore et dolore magna aliqua.Lorem ipsum dolor sit amet, consectetur adipisicing elit, sed do eiusmod tempor incididunt ut labore et dolore magna aliqua.</p>\r\n\r\n<p>&nbsp;</p>\r\n\r\n<p>&nbsp;</p>'),(48,2,'Easy Polo Black Edition','Lorem ipsum dolor sit amet, consectetur adipisicing elit, sed do eiusmod tempor incididunt ut labore et dolore magna aliqua.',NULL,'<p>Lorem ipsum dolor sit amet, consectetur adipisicing elit, sed do eiusmod tempor incididunt ut labore et dolore magna aliqua.Lorem ipsum dolor sit amet, consectetur adipisicing elit, sed do eiusmod tempor incididunt ut labore et dolore magna aliqua.<img alt=\"\" src=\"/documents/photos/blogs/16d9_star_trek_tng_uniform_tee.jpeg\" style=\"width: 262px; height: 262px; float: right; margin: 10px;\" /></p>\r\n\r\n<p>Lorem ipsum dolor sit amet, consectetur adipisicing elit, sed do eiusmod tempor incididunt ut labore et dolore magna aliqua.Lorem ipsum dolor sit amet, consectetur adipisicing elit, sed do eiusmod tempor incididunt ut labore et dolore magna aliqua.</p>\r\n\r\n<p>Lorem ipsum dolor sit amet, consectetur adipisicing elit, sed do eiusmod tempor incididunt ut labore et dolore magna aliqua.Lorem ipsum dolor sit amet, consectetur adipisicing elit, sed do eiusmod tempor incididunt ut labore et dolore magna aliqua.</p>\r\n\r\n<p>Lorem ipsum dolor sit amet, consectetur adipisicing elit, sed do eiusmod tempor incididunt ut labore et dolore magna aliqua.Lorem ipsum dolor sit amet, consectetur adipisicing elit, sed do eiusmod tempor incididunt ut labore et dolore magna aliqua.</p>\r\n\r\n<p>&nbsp;</p>\r\n\r\n<p>&nbsp;</p>'),(49,1,'Easy Polo Black Edition','Lorem ipsum dolor sit amet, consectetur adipisicing elit, sed do eiusmod tempor incididunt ut labore et dolore magna aliqua.',NULL,'<p>Lorem ipsum dolor sit amet, consectetur adipisicing elit, sed do eiusmod tempor incididunt ut labore et dolore magna aliqua.Lorem ipsum dolor sit amet, consectetur adipisicing elit, sed do eiusmod tempor incididunt ut labore et dolore magna aliqua.<img alt=\"\" src=\"/documents/photos/blogs/16d9_star_trek_tng_uniform_tee.jpeg\" style=\"width: 262px; height: 262px; float: right; margin: 10px;\" /></p>\r\n\r\n<p>Lorem ipsum dolor sit amet, consectetur adipisicing elit, sed do eiusmod tempor incididunt ut labore et dolore magna aliqua.Lorem ipsum dolor sit amet, consectetur adipisicing elit, sed do eiusmod tempor incididunt ut labore et dolore magna aliqua.</p>\r\n\r\n<p>Lorem ipsum dolor sit amet, consectetur adipisicing elit, sed do eiusmod tempor incididunt ut labore et dolore magna aliqua.Lorem ipsum dolor sit amet, consectetur adipisicing elit, sed do eiusmod tempor incididunt ut labore et dolore magna aliqua.</p>\r\n\r\n<p>Lorem ipsum dolor sit amet, consectetur adipisicing elit, sed do eiusmod tempor incididunt ut labore et dolore magna aliqua.Lorem ipsum dolor sit amet, consectetur adipisicing elit, sed do eiusmod tempor incididunt ut labore et dolore magna aliqua.</p>\r\n\r\n<p>&nbsp;</p>\r\n\r\n<p>&nbsp;</p>'),(49,2,'Easy Polo Black Edition','Lorem ipsum dolor sit amet, consectetur adipisicing elit, sed do eiusmod tempor incididunt ut labore et dolore magna aliqua.',NULL,'<p>Lorem ipsum dolor sit amet, consectetur adipisicing elit, sed do eiusmod tempor incididunt ut labore et dolore magna aliqua.Lorem ipsum dolor sit amet, consectetur adipisicing elit, sed do eiusmod tempor incididunt ut labore et dolore magna aliqua.<img alt=\"\" src=\"/documents/photos/blogs/16d9_star_trek_tng_uniform_tee.jpeg\" style=\"width: 262px; height: 262px; float: right; margin: 10px;\" /></p>\r\n\r\n<p>Lorem ipsum dolor sit amet, consectetur adipisicing elit, sed do eiusmod tempor incididunt ut labore et dolore magna aliqua.Lorem ipsum dolor sit amet, consectetur adipisicing elit, sed do eiusmod tempor incididunt ut labore et dolore magna aliqua.</p>\r\n\r\n<p>Lorem ipsum dolor sit amet, consectetur adipisicing elit, sed do eiusmod tempor incididunt ut labore et dolore magna aliqua.Lorem ipsum dolor sit amet, consectetur adipisicing elit, sed do eiusmod tempor incididunt ut labore et dolore magna aliqua.</p>\r\n\r\n<p>Lorem ipsum dolor sit amet, consectetur adipisicing elit, sed do eiusmod tempor incididunt ut labore et dolore magna aliqua.Lorem ipsum dolor sit amet, consectetur adipisicing elit, sed do eiusmod tempor incididunt ut labore et dolore magna aliqua.</p>\r\n\r\n<p>&nbsp;</p>\r\n\r\n<p>&nbsp;</p>');
/*!40000 ALTER TABLE `shop_product_description` ENABLE KEYS */;
UNLOCK TABLES;

--
-- Table structure for table `shop_product_like`
--

DROP TABLE IF EXISTS `shop_product_like`;
/*!40101 SET @saved_cs_client     = @@character_set_client */;
/*!40101 SET character_set_client = utf8 */;
CREATE TABLE `shop_product_like` (
  `product_id` int(11) NOT NULL,
  `users_id` int(11) NOT NULL,
  `created_at` datetime NOT NULL,
  PRIMARY KEY (`product_id`,`users_id`)
) ENGINE=InnoDB DEFAULT CHARSET=utf8 COLLATE=utf8_unicode_ci;
/*!40101 SET character_set_client = @saved_cs_client */;

--
-- Dumping data for table `shop_product_like`
--

LOCK TABLES `shop_product_like` WRITE;
/*!40000 ALTER TABLE `shop_product_like` DISABLE KEYS */;
/*!40000 ALTER TABLE `shop_product_like` ENABLE KEYS */;
UNLOCK TABLES;

--
-- Table structure for table `shop_product_option`
--

DROP TABLE IF EXISTS `shop_product_option`;
/*!40101 SET @saved_cs_client     = @@character_set_client */;
/*!40101 SET character_set_client = utf8 */;
CREATE TABLE `shop_product_option` (
  `id` int(11) NOT NULL AUTO_INCREMENT,
  `opt_name` varchar(255) COLLATE utf8_unicode_ci DEFAULT NULL,
  `opt_sku` varchar(50) COLLATE utf8_unicode_ci DEFAULT NULL,
  `opt_price` int(11) DEFAULT NULL,
  `opt_image` varchar(100) COLLATE utf8_unicode_ci DEFAULT NULL,
  `product_id` int(11) DEFAULT NULL,
  PRIMARY KEY (`id`),
  UNIQUE KEY `opt_sku` (`opt_sku`)
) ENGINE=InnoDB AUTO_INCREMENT=19 DEFAULT CHARSET=utf8 COLLATE=utf8_unicode_ci;
/*!40101 SET character_set_client = @saved_cs_client */;

--
-- Dumping data for table `shop_product_option`
--

LOCK TABLES `shop_product_option` WRITE;
/*!40000 ALTER TABLE `shop_product_option` DISABLE KEYS */;
INSERT INTO `shop_product_option` VALUES (3,'Sn phm xanh','BX-5UT-s',454,'product/4c28c6a2fc6a3fa79197798707d55b5c.png',48),(4,'34324234','BX-5UT-T',1111,'product/293da323794f89ee2d7962f44f930393.png',48),(12,'fdgdfg','fgdfgd',NULL,'product/68f8a4d063e4ddef447616116dd03e0f.png',42),(13,'bnmbnmbn','BX-5U0-1fgfgjghjhgj',NULL,'product/2702691387f97f5985843cbb243d267c.png',42),(16,'Sn phm xanh','BX-5U0-1fgfgkjh',NULL,'product/777274d55ff7adeef36ca930022a8db9.jpg',29),(17,'Sn phm xanh','BX-5U0-1fgfgl',NULL,'product/0ba3c6a927bb0e2cd2d54ce0c13df919.jpg',30),(18,'Sn phm xanh','BX-5U0-1fgfgg',NULL,'product/7eb3eefcb94b7548cc4942a42f36e186.jpg',27);
/*!40000 ALTER TABLE `shop_product_option` ENABLE KEYS */;
UNLOCK TABLES;

--
-- Table structure for table `shop_product_recent_view`
--

DROP TABLE IF EXISTS `shop_product_recent_view`;
/*!40101 SET @saved_cs_client     = @@character_set_client */;
/*!40101 SET character_set_client = utf8 */;
CREATE TABLE `shop_product_recent_view` (
  `user_id` int(11) NOT NULL,
  `product_id` int(11) NOT NULL,
  `created_at` timestamp NULL DEFAULT CURRENT_TIMESTAMP ON UPDATE CURRENT_TIMESTAMP,
  UNIQUE KEY `customer_id_product_id` (`user_id`,`product_id`)
) ENGINE=InnoDB DEFAULT CHARSET=utf8;
/*!40101 SET character_set_client = @saved_cs_client */;

--
-- Dumping data for table `shop_product_recent_view`
--

LOCK TABLES `shop_product_recent_view` WRITE;
/*!40000 ALTER TABLE `shop_product_recent_view` DISABLE KEYS */;
INSERT INTO `shop_product_recent_view` VALUES (3,35,'2018-08-27 08:58:21'),(3,38,'2018-08-27 09:44:08'),(3,41,'2018-08-27 10:19:33'),(3,42,'2018-08-27 10:02:03'),(3,44,'2018-08-27 10:19:52'),(3,46,'2018-08-27 10:14:29'),(3,47,'2018-08-27 10:01:57'),(3,48,'2018-08-27 10:01:49');
/*!40000 ALTER TABLE `shop_product_recent_view` ENABLE KEYS */;
UNLOCK TABLES;

--
-- Table structure for table `shop_shipping`
--

DROP TABLE IF EXISTS `shop_shipping`;
/*!40101 SET @saved_cs_client     = @@character_set_client */;
/*!40101 SET character_set_client = utf8 */;
CREATE TABLE `shop_shipping` (
  `id` int(11) NOT NULL AUTO_INCREMENT,
  `type` int(11) NOT NULL DEFAULT '0',
  `value` int(11) NOT NULL DEFAULT '0',
  `free` int(11) NOT NULL DEFAULT '0',
  `status` int(11) NOT NULL DEFAULT '1',
  PRIMARY KEY (`id`)
) ENGINE=InnoDB AUTO_INCREMENT=2 DEFAULT CHARSET=utf8 COLLATE=utf8_unicode_ci;
/*!40101 SET character_set_client = @saved_cs_client */;

--
-- Dumping data for table `shop_shipping`
--

LOCK TABLES `shop_shipping` WRITE;
/*!40000 ALTER TABLE `shop_shipping` DISABLE KEYS */;
INSERT INTO `shop_shipping` VALUES (1,0,20000,10000000,1);
/*!40000 ALTER TABLE `shop_shipping` ENABLE KEYS */;
UNLOCK TABLES;

--
-- Table structure for table `shop_shipping_status`
--

DROP TABLE IF EXISTS `shop_shipping_status`;
/*!40101 SET @saved_cs_client     = @@character_set_client */;
/*!40101 SET character_set_client = utf8 */;
CREATE TABLE `shop_shipping_status` (
  `id` int(11) NOT NULL AUTO_INCREMENT,
  `name` varchar(50) COLLATE utf8_unicode_ci DEFAULT NULL,
  PRIMARY KEY (`id`)
) ENGINE=InnoDB AUTO_INCREMENT=3 DEFAULT CHARSET=utf8 COLLATE=utf8_unicode_ci;
/*!40101 SET character_set_client = @saved_cs_client */;

--
-- Dumping data for table `shop_shipping_status`
--

LOCK TABLES `shop_shipping_status` WRITE;
/*!40000 ALTER TABLE `shop_shipping_status` DISABLE KEYS */;
INSERT INTO `shop_shipping_status` VALUES (0,'Not sent'),(1,'Sending'),(2,'Shipping done');
/*!40000 ALTER TABLE `shop_shipping_status` ENABLE KEYS */;
UNLOCK TABLES;

--
-- Table structure for table `shop_shoppingcart`
--

DROP TABLE IF EXISTS `shop_shoppingcart`;
/*!40101 SET @saved_cs_client     = @@character_set_client */;
/*!40101 SET character_set_client = utf8 */;
CREATE TABLE `shop_shoppingcart` (
  `identifier` varchar(255) COLLATE utf8_unicode_ci NOT NULL,
  `instance` varchar(255) COLLATE utf8_unicode_ci NOT NULL,
  `content` text COLLATE utf8_unicode_ci NOT NULL,
  `created_at` timestamp NULL DEFAULT NULL,
  `updated_at` timestamp NULL DEFAULT NULL,
  KEY `shop_shoppingcart_identifier_instance_index` (`identifier`,`instance`)
) ENGINE=InnoDB DEFAULT CHARSET=utf8 COLLATE=utf8_unicode_ci;
/*!40101 SET character_set_client = @saved_cs_client */;

--
-- Dumping data for table `shop_shoppingcart`
--

LOCK TABLES `shop_shoppingcart` WRITE;
/*!40000 ALTER TABLE `shop_shoppingcart` DISABLE KEYS */;
/*!40000 ALTER TABLE `shop_shoppingcart` ENABLE KEYS */;
UNLOCK TABLES;

--
-- Table structure for table `shop_special_price`
--

DROP TABLE IF EXISTS `shop_special_price`;
/*!40101 SET @saved_cs_client     = @@character_set_client */;
/*!40101 SET character_set_client = utf8 */;
CREATE TABLE `shop_special_price` (
  `id` int(10) unsigned NOT NULL AUTO_INCREMENT,
  `product_id` int(11) NOT NULL,
  `price` int(11) NOT NULL,
  `off` int(11) DEFAULT '0',
  `date_start` timestamp NULL DEFAULT NULL,
  `date_end` timestamp NULL DEFAULT NULL,
  `status` tinyint(4) NOT NULL DEFAULT '0',
  `comment` varchar(100) COLLATE utf8_unicode_ci DEFAULT NULL,
  `created_at` timestamp NULL DEFAULT NULL,
  `updated_at` timestamp NULL DEFAULT NULL,
  PRIMARY KEY (`id`)
) ENGINE=InnoDB AUTO_INCREMENT=16 DEFAULT CHARSET=utf8 COLLATE=utf8_unicode_ci;
/*!40101 SET character_set_client = @saved_cs_client */;

--
-- Dumping data for table `shop_special_price`
--

LOCK TABLES `shop_special_price` WRITE;
/*!40000 ALTER TABLE `shop_special_price` DISABLE KEYS */;
INSERT INTO `shop_special_price` VALUES (1,21,150000,0,'2018-01-27 17:00:00','2019-04-29 17:00:00',1,NULL,'2018-02-06 05:05:20','2018-04-12 07:45:17'),(4,6,40000,0,NULL,'2019-06-27 17:00:00',1,NULL,'2018-02-06 05:44:40','2018-04-12 07:45:32'),(6,8,30000,0,'2018-02-06 17:00:00','2018-03-09 17:00:00',1,NULL,'2018-02-07 07:45:19','2018-02-07 08:17:42'),(7,10,15000,0,'2018-02-05 17:00:00','2018-03-28 17:00:00',1,NULL,'2018-02-07 07:49:48','2018-03-10 22:36:43'),(9,11,100000,0,'2018-03-18 17:00:00','2018-03-30 17:00:00',1,NULL,'2018-02-08 08:51:45','2018-03-24 19:49:07'),(11,12,100000,0,NULL,NULL,1,NULL,'2018-03-27 07:13:47','2018-03-27 07:18:44'),(12,7,320000,0,'2011-10-25 17:00:00','2019-05-07 17:00:00',1,NULL,'2018-04-12 07:46:40','2018-08-31 17:05:12'),(13,23,198000,10,'2018-05-07 17:00:00','2018-06-07 17:00:00',0,'test giam gia','2018-05-09 08:15:37','2018-08-28 15:13:45'),(14,49,10000,0,NULL,NULL,1,NULL,'2018-09-22 11:19:07','2018-09-22 11:19:07'),(15,3,200000,0,NULL,NULL,1,NULL,'2018-09-22 11:20:14','2018-09-22 11:20:14');
/*!40000 ALTER TABLE `shop_special_price` ENABLE KEYS */;
UNLOCK TABLES;

--
-- Table structure for table `shop_users`
--

DROP TABLE IF EXISTS `shop_users`;
/*!40101 SET @saved_cs_client     = @@character_set_client */;
/*!40101 SET character_set_client = utf8 */;
CREATE TABLE `shop_users` (
  `id` int(10) unsigned NOT NULL AUTO_INCREMENT,
  `name` varchar(255) COLLATE utf8mb4_unicode_ci NOT NULL,
  `email` varchar(50) COLLATE utf8mb4_unicode_ci NOT NULL,
  `password` varchar(255) COLLATE utf8mb4_unicode_ci NOT NULL,
  `address1` varchar(255) COLLATE utf8mb4_unicode_ci NOT NULL,
  `address2` varchar(255) COLLATE utf8mb4_unicode_ci NOT NULL,
  `phone` varchar(255) COLLATE utf8mb4_unicode_ci NOT NULL,
  `remember_token` varchar(100) COLLATE utf8mb4_unicode_ci DEFAULT NULL,
  `created_at` timestamp NULL DEFAULT NULL,
  `updated_at` timestamp NULL DEFAULT NULL,
  PRIMARY KEY (`id`),
  UNIQUE KEY `users_email_unique` (`email`)
) ENGINE=InnoDB AUTO_INCREMENT=19 DEFAULT CHARSET=utf8mb4 COLLATE=utf8mb4_unicode_ci;
/*!40101 SET character_set_client = @saved_cs_client */;

--
-- Dumping data for table `shop_users`
--

LOCK TABLES `shop_users` WRITE;
/*!40000 ALTER TABLE `shop_users` DISABLE KEYS */;
INSERT INTO `shop_users` VALUES (1,'Hoang Ngoc Tu','dfne11pd2707@gmail.com','$2y$10$yMT7ox6mh6kRQon.06MXZue.PBTwhT0xFLM9s7RDVgLYrMM/sBJHu','122/23B, Tn Tht Tng','Qun 7','009404945435','V5VfBF0g3ZjllZJyFo9Guh2E5dxIAA5HlpJScrAplZxmSMjJKiQO6W4m90kh','2018-01-13 20:12:50','2018-09-03 10:13:27'),(2,'Hung','hung@fdgfdg.com','$2y$10$eGf2jiO3I7wj879B0RRBBuZgvVvDJLQKP0HF88ZCgr4ti50AgznuO','Quan 1','Ho chi Minh','099789987686',NULL,'2018-01-15 08:43:35','2018-01-15 09:40:14'),(3,'Naruto VN','lanhktc@gmail.com','$2y$10$4HMDRFpiNXRPYitWP7tDhuYsCYKGK3QFiRvyeQxYbsyzgmsabRrhS','HCM','Ho chi minh','0667151172','l9liVGUmb4q43OHtNO5gh5uaRqPNaryGdgskpwE51YxkXnZZqREm5d5v2JJg','2018-02-04 02:56:12','2018-09-03 10:13:17'),(4,'Chu Tun Anh','lengocchau_11233@gmail.com','$2y$10$udnwsVhfef3QcS8oP8OEsuHg9eKTTI7lb0q6Zffd9jHiEGnIIxUBe','Tn K','H Ch Minh','0664456189','iYg2W7K79pAleTv2Q0rHsRCsMkx8lLN4l2fTE8o8GlLKBHyrj3TeHvIjWYgt','2018-03-12 09:20:04','2018-05-09 08:00:55'),(5,'Bao Khanh','baokhanh123@gmail.com','$2y$10$/DzsZSjPNLRY8NlrMk5lselrbMYQdmr90tXBPlYQe8CNsi1JQFyse','12','TTh07','09012345678',NULL,'2018-09-05 13:57:19','2018-09-05 13:57:19'),(6,'ABC','abc@abc.com','$2y$10$1OygbWuORyylC70H5gxBXuk3dloYdwIwVLiABJ0YUZVZsWuLaf6F.','Address 1','Address 2','098765432321','61LIuCv7we6a79eInQTGuQkEFCy23SqgKHEFM5wdlKx32UAA1riBMfFmPS0S','2018-09-23 00:54:21','2018-09-23 00:54:21'),(7,'trucnguyen','q@gmail.com','$2y$10$9Lyc.48VCiwh9ldNwaGr6.fZEQjMa1f2j9SVFO4VdhqEkHT08SDKO','viet nam','viet nam','0975236548',NULL,'2018-10-17 16:37:56','2018-10-17 16:37:56'),(8,'trucnguyen','qq@gmail.com','$2y$10$P6TQEEhlkSpx/xTU1ywrX.leBmMCrVQcrEx6UMMR0EDUFb4FlxPfO','viet nam','viet nam','0975236549',NULL,'2018-10-18 15:46:20','2018-10-18 15:46:20'),(9,'Ho Luat','holuat162@gmail.com','$2y$10$Tw3TxCBOtz1ZMgfOsEUca.LVovbFtvf0HPy0UwyCHrEFnwjBc9Xi6','Binh Thanh district,Ho Chi Minh city','Thu Duc District, Ho Chi Minh City','01695415813','1I9kAloLMogFKoi2ie7h8dWC8aPwTgsqu0JJz00yK7cDJYy0toTq2EzKcE6Z','2018-10-23 01:25:21','2018-10-23 01:25:21'),(10,'Hoang','tuannguyen@gmail.com2','$2y$10$DdSoAxE33P.s5zJdsbLM7u0z1ICrF/3w8rn0ck2DlRyqADBVmXQHi','Van','Trnag','099845345','KKPkyip3UYcdwbaCRZX5d9s4y1lljY9FKGKO4kkIg2hnoELdEvTPcAD3kxds','2018-10-23 04:34:43','2018-10-23 04:34:43'),(11,'levantu','levantu.nd1997@gmail.com','$2y$10$dLW04M0TIbGGEo0vHsE0XO0M2ZGEmwa0hD1h2ZZi4MA0jZPMtENDK','hn','hn','0914731527',NULL,'2018-10-23 06:20:42','2018-10-23 06:20:42'),(12,'test','ahsanislam04@gmail.com','$2y$10$cBWPb0Z69/Ps/4mPaIORSOAQlrIlS68b483S2RuP/XwUuHHGGKb5u','papi chulo','papi chulo','090078601',NULL,'2018-11-27 12:32:30','2018-11-27 12:32:30'),(13,'mail','mail@gmail.com','$2y$10$GkIRhidmHNAih4vid6wo3ucbTJVNk.I/Hp.yO3P2E1lbGB6AR3KpO','jampang','bandung','089324234213213',NULL,'2019-01-02 14:57:11','2019-01-02 14:57:11'),(14,'usertest','nanangkurnia64@gmail.com','$2y$10$R9TSffgyx/K/Cm9eIO7VROZsmDoUUZ4V9x2aR08x1cJS1NCkYjAy2','jl dr ismangil','semarang barat','082227212727',NULL,'2019-02-11 06:32:45','2019-02-11 06:32:45'),(15,'a','aq@gmail.com','$2y$10$attIhe1IyI6.E.u6CIsn/uJDdZM9Et1qfjTRrB2lbJ3JoeY/YG4uy','as','aq','08267557467785','zRGdjY825mCaC20d17TLssnUHbDt6Rzo4C2dr6KakJ5g26AwT6Qh5NJDM4OS','2019-02-27 19:22:11','2019-02-27 19:22:11'),(16,'mttai','mittientai@gmail.com','$2y$10$EgI5a3.GJl2wMlN/WydDceRhnqmsiYvKnm8kFnbek5bq81LlaPm26','TT Ch','TT Ch','01642827096',NULL,'2019-02-28 07:29:12','2019-02-28 07:29:12'),(17,'Nguyn Quang Huy','qnguyenhuy1999@gmail.com','$2y$10$Snj0Hzwz0vF6oP0.QNiQs.ftk6MRyV0SQmlvvRZu8z.MSRiW0Cbm.','54/6 Nguyn Vn Yn','405 Khu 4 th trn Ci B','0907398115',NULL,'2019-02-28 12:17:36','2019-02-28 12:17:36'),(18,'lap','laptrinh678@gmail.com','$2y$10$IObeEkr3VkKfazJOpe69OOIHhFUyHmdzTMYS/bGHd6Z/ni9hbifXm','Nam nh','H Ni','0986886725','cnsTJTDD1ocsJvxKcJwN6s6xKOjJfSLem4F98dWAsl5TdVjQs4Z9RKDtpmcv','2019-03-01 04:30:43','2019-03-01 04:30:43');
/*!40000 ALTER TABLE `shop_users` ENABLE KEYS */;
UNLOCK TABLES;

--
-- Table structure for table `shop_vendor`
--

DROP TABLE IF EXISTS `shop_vendor`;
/*!40101 SET @saved_cs_client     = @@character_set_client */;
/*!40101 SET character_set_client = utf8 */;
CREATE TABLE `shop_vendor` (
  `id` int(10) unsigned NOT NULL AUTO_INCREMENT,
  `name` varchar(50) COLLATE utf8_unicode_ci NOT NULL,
  `email` varchar(100) COLLATE utf8_unicode_ci DEFAULT NULL,
  `phone` varchar(20) COLLATE utf8_unicode_ci DEFAULT NULL,
  `image` varchar(50) COLLATE utf8_unicode_ci DEFAULT NULL,
  `address` varchar(200) COLLATE utf8_unicode_ci DEFAULT NULL,
  `url` varchar(50) COLLATE utf8_unicode_ci DEFAULT NULL,
  `sort` tinyint(4) NOT NULL DEFAULT '0',
  PRIMARY KEY (`id`)
) ENGINE=InnoDB AUTO_INCREMENT=2 DEFAULT CHARSET=utf8 COLLATE=utf8_unicode_ci;
/*!40101 SET character_set_client = @saved_cs_client */;

--
-- Dumping data for table `shop_vendor`
--

LOCK TABLES `shop_vendor` WRITE;
/*!40000 ALTER TABLE `shop_vendor` DISABLE KEYS */;
INSERT INTO `shop_vendor` VALUES (1,'ABC distributor','abc@abc.com','012496657567',NULL,NULL,NULL,0);
/*!40000 ALTER TABLE `shop_vendor` ENABLE KEYS */;
UNLOCK TABLES;

--
-- Table structure for table `subscribe`
--

DROP TABLE IF EXISTS `subscribe`;
/*!40101 SET @saved_cs_client     = @@character_set_client */;
/*!40101 SET character_set_client = utf8 */;
CREATE TABLE `subscribe` (
  `id` int(11) NOT NULL AUTO_INCREMENT,
  `email` varchar(100) COLLATE utf8_unicode_ci NOT NULL,
  PRIMARY KEY (`id`)
) ENGINE=InnoDB AUTO_INCREMENT=3 DEFAULT CHARSET=utf8 COLLATE=utf8_unicode_ci;
/*!40101 SET character_set_client = @saved_cs_client */;

--
-- Dumping data for table `subscribe`
--

LOCK TABLES `subscribe` WRITE;
/*!40000 ALTER TABLE `subscribe` DISABLE KEYS */;
INSERT INTO `subscribe` VALUES (1,'lanhktc@gmail.com'),(2,'gggg@gmail.com');
/*!40000 ALTER TABLE `subscribe` ENABLE KEYS */;
UNLOCK TABLES;
/*!40103 SET TIME_ZONE=@OLD_TIME_ZONE */;

/*!40101 SET SQL_MODE=@OLD_SQL_MODE */;
/*!40014 SET FOREIGN_KEY_CHECKS=@OLD_FOREIGN_KEY_CHECKS */;
/*!40014 SET UNIQUE_CHECKS=@OLD_UNIQUE_CHECKS */;
/*!40101 SET CHARACTER_SET_CLIENT=@OLD_CHARACTER_SET_CLIENT */;
/*!40101 SET CHARACTER_SET_RESULTS=@OLD_CHARACTER_SET_RESULTS */;
/*!40101 SET COLLATION_CONNECTION=@OLD_COLLATION_CONNECTION */;
/*!40111 SET SQL_NOTES=@OLD_SQL_NOTES */;

-- Dump completed on 2019-03-01 21:37:12
